"日時","リクエストNo.","アーティスト名","曲名","点数","チャート合計値","音程","安定性","表現力","リズム","ビブラート & ロングトーン","抑揚","しゃくり","こぶし","フォール","ロングトーンの上手さ","ビブラートの上手さ","ビブラートタイプ","ビブラート合計秒数","リズム（0:走り，10:タメ）","キー","最高音（音域）","最低音（音域）","最高音（声域）","最低音（声域）","分析レポート",
"2016-08-20 17:46:28","5525-01","国歌","君が代","95.404","451","96","91","87","80","97","67","15","5","0","9","8","5","31.6","9","0","62","48","62","48","ほぼ原曲通りに歌えています。優等生タイプですね。",
"2016-08-20 17:44:34","5525-01","国歌","君が代","91.216","433","83","91","83","83","93","63","21","6","0","7","8","5","30.4","9","0","62","48","62","48","実に優雅なビブラートですね。ロングトーンでも同じレベルが保てるよう心がけましょう。",
"2016-08-20 17:42:45","5525-01","国歌","君が代","96.35","455","95","92","91","79","98","72","21","5","0","9","8","5","32.9","9","0","62","48","62","48","安定した音程で歌えています。声もとても良く伸びています。素晴らしい歌唱力ですね。",
"2016-08-20 17:36:49","3737-36","ココア(佐倉綾音)","チョコリズムチョコルール","98.122","479","94","93","96","99","97","83","49","6","2","10","8","5","39.7","5","0","73","58","67","46","完コピですね。原曲の細部まで再現されており、オリジナルと同等な歌唱と言えます。",
"2016-08-20 17:31:44","3667-68","アリス・カータレット(田中真奈美)&九条カレン(東山奈央)","きんいろ+ぎんいろモクセイ","90.703","423","88","84","87","85","79","68","9","13","0","3","8","5","4.8","5","0","82","61","73","49","細部にわたり音程をつかめています。もっと難しい曲にも挑戦してみては？",
"2016-08-20 17:27:03","3667-68","アリス・カータレット(田中真奈美)&九条カレン(東山奈央)","きんいろ+ぎんいろモクセイ","86.358","378","87","80","87","44","80","66","19","31","0","3","8","10","1.7","2","0","82","61","73","49","力強い歌声ですね。お腹からの発声を心がけこぶしに磨きをかけましょう。",
"2016-08-20 17:21:28","3699-37","鈴木このみ","This game","97.477","466","91","91","91","95","98","71","50","10","0","9","8","5","20.7","5","0","77","59","65","47","最高のパフォーマンスですね。素晴らしい歌唱に酔いしれます。",
"2016-08-20 17:16:05","3699-37","鈴木このみ","This game","97.885","477","91","98","93","99","96","75","51","8","0","8","8","5","25.9","5","0","77","59","65","47","完コピですね。原曲の細部まで再現されており、オリジナルと同等な歌唱と言えます。",
"2016-08-20 17:08:26","3667-68","アリス・カータレット(田中真奈美)&九条カレン(東山奈央)","きんいろ+ぎんいろモクセイ","93.467","439","90","88","85","84","92","64","21","22","0","7","8","8","6.6","5","0","82","61","73","49","全体的に落ち着いた歌声です。もう少し感情を込めて歌うと曲に個性が出てきますよ。",
"2016-08-20 17:03:40","3667-68","アリス・カータレット(田中真奈美)&九条カレン(東山奈央)","きんいろ+ぎんいろモクセイ","89.058","361","89","28","86","85","73","66","11","17","0","3","6","11","1.3","5","0","82","61","73","49","ナチュラルでメリハリある歌唱に惹きつけられます。曲の情景が思い浮かびますね。",
"2016-08-20 16:57:34","3737-36","ココア(佐倉綾音)","チョコリズムチョコルール","97.713","473","92","93","92","98","98","73","34","6","0","10","8","5","39.3","5","0","73","58","61","46","完コピですね。原曲の細部まで再現されており、オリジナルと同等な歌唱と言えます。",
"2016-08-20 16:49:32","3737-36","ココア(佐倉綾音)","チョコリズムチョコルール","98.741","477","94","92","94","98","99","77","35","5","0","10","9","5","41.6","5","0","73","58","61","46","音程はほぼパーフェクト。圧巻の歌いっぷりですね。",
"2016-08-20 16:42:41","3737-36","ココア(佐倉綾音)","チョコリズムチョコルール","98.594","476","93","94","92","98","99","73","34","6","0","9","9","2","36","5","0","73","58","67","46","音程はほぼパーフェクト。圧巻の歌いっぷりですね。",
"2016-08-20 16:36:30","3737-36","ココア(佐倉綾音)","チョコリズムチョコルール","99.257","480","94","94","96","97","99","82","38","5","0","9","9","5","36.9","6","0","73","58","67","46","音程はほぼパーフェクト。圧巻の歌いっぷりですね。",
"2016-08-20 16:30:35","3737-36","ココア(佐倉綾音)","チョコリズムチョコルール","98.784","478","94","94","93","98","99","75","47","5","0","9","9","5","35.1","6","0","73","58","67","46","オリジナルに見事なほど忠実に歌えています。次はアレンジを入れてみてもいいかも。",
"2016-08-20 16:24:49","3737-36","ココア(佐倉綾音)","チョコリズムチョコルール","99.069","479","93","93","97","97","99","85","40","5","0","9","9","5","40.3","6","0","73","58","61","46","ほぼ原曲通りに歌えています。優等生タイプですね。",
"2016-08-20 16:19:13","3737-36","ココア(佐倉綾音)","チョコリズムチョコルール","98.781","474","93","95","90","97","99","70","44","7","0","10","9","5","39.9","6","0","73","58","61","46","最高のパフォーマンスですね。素晴らしい歌唱に酔いしれます。",
"2016-08-20 16:13:20","3737-36","ココア(佐倉綾音)","チョコリズムチョコルール","99.048","475","94","93","92","97","99","73","42","8","0","9","9","5","38.3","6","0","73","58","61","46","並外れた歌唱力ですね。音程のズレもほとんどありません。",
"2016-08-20 16:07:37","3737-36","ココア(佐倉綾音)","チョコリズムチョコルール","98.634","476","91","97","92","97","99","73","31","5","1","10","9","5","36.9","6","0","73","58","67","46","音程はほぼパーフェクト。圧巻の歌いっぷりですね。",
"2016-08-20 16:02:12","3737-36","ココア(佐倉綾音)","チョコリズムチョコルール","97.285","464","90","94","96","96","88","80","26","4","0","5","9","5","35.9","6","0","73","58","67","46","オリジナルに見事なほど忠実に歌えています。次はアレンジを入れてみてもいいかも。",
"2016-08-20 13:13:09","3758-66","アクア(CV:雨宮天)","水色イルミネーション","97.843","472","90","96","96","98","92","79","35","8","0","7","8","5","28.9","5","0","73","60","61","48","すべてにおいて技術が光っています。胸を張って十八番と言えます。",
"2016-08-20 13:03:21","3700-38","チマメ隊","ぽっぴんジャンプ♪","96.601","464","86","92","92","95","99","74","30","5","0","9","9","5","9.1","5","0","71","57","59","45","最高のパフォーマンスですね。素晴らしい歌唱に酔いしれます。",
"2016-08-20 12:53:15","3707-83","リゼ(種田梨沙)","Love&Gun","96.073","457","89","90","88","98","92","68","37","5","0","7","9","5","11.7","5","0","73","57","65","45","ほぼ原曲通りに歌えています。優等生タイプですね。",
"2016-08-20 12:44:25","3707-78","ココア(佐倉綾音)","スマイルメーカー","95.56","460","86","97","97","99","81","82","30","9","0","3","8","5","10.8","5","0","73","58","61","46","ほぼ原曲通りに歌えています。優等生タイプですね。",
"2016-08-20 12:34:38","3758-73","ココア(佐倉綾音)&モカ(茅野愛衣)","Sister or Sister?","97.865","473","91","92","95","99","96","79","34","8","0","8","8","5","19.1","5","0","73","59","61","47","ほぼ原曲通りに歌えています。優等生タイプですね。",
"2016-08-20 12:24:10","3750-99","チノ(水瀬いのり)","未来パズル","96.783","465","91","85","97","98","94","83","54","6","1","10","7","5","5.4","5","0","71","59","59","47","あっぱれというほかありません。ただただ感動するばかりです。理想的な歌声に脱帽です。",
"2016-08-20 12:13:44","3737-36","ココア(佐倉綾音)","チョコリズムチョコルール","98.877","474","92","92","93","98","99","76","33","8","1","9","9","5","35.7","5","0","73","58","61","46","ほぼ原曲通りに歌えています。優等生タイプですね。",
"2016-08-20 12:02:04","3758-89","めぐみん(CV:高橋李依)","Right☆eye","95.658","456","90","81","94","99","92","75","36","12","2","7","8","5","15.7","5","0","76","59","64","47","並外れた歌唱力ですね。音程のズレもほとんどありません。",
"2016-08-20 11:57:23","3755-51","アクア(CV:雨宮天)、めぐみん(CV:高橋李依)、ダクネス(CV:茅野愛衣)","ちいさな冒険者","97.269","468","93","88","96","99","92","83","38","6","1","9","6","5","8.7","5","0","72","55","60","45","音程はほぼパーフェクト。圧巻の歌いっぷりですね。",
"2016-08-20 11:47:47","3755-61","Machico","fantastic dreamer","96.969","465","90","81","96","99","99","82","36","7","0","9","9","5","15.2","5","0","74","59","73","47","オリジナルに見事なほど忠実に歌えています。次はアレンジを入れてみてもいいかも。",
"2016-08-20 11:38:02","3699-34","白(CV:茅野愛衣)","オラシオン","97.246","460","90","88","94","99","89","75","35","8","1","5","8","5","9.4","5","0","75","54","68","44","完コピですね。原曲の細部まで再現されており、オリジナルと同等な歌唱と言えます。",
"2016-08-20 11:28:39","3699-37","鈴木このみ","This game","98.46","470","90","99","95","99","87","78","51","9","0","5","8","5","23","5","0","77","59","65","47","オリジナルに見事なほど忠実に歌えています。次はアレンジを入れてみてもいいかも。",
"2016-08-20 11:18:58","3667-68","アリス・カータレット(田中真奈美)&九条カレン(東山奈央)","きんいろ+ぎんいろモクセイ","94.694","446","86","89","91","98","82","70","23","10","0","3","8","8","2.4","5","0","82","61","68","49","繊細で美しいビブラートです。歌の世界に引き込まれるようです。",
"2016-08-20 11:09:31","4571-15","分島花音","RIGHT LIGHT RISE","96.367","466","86","94","92","99","95","73","26","6","0","9","7","8","6.7","5","0","78","55","68","44","最高のパフォーマンスですね。素晴らしい歌唱に酔いしれます。",
"2016-08-20 10:58:35","3730-75","井口裕香","Hey World","100","481","93","96","96","98","98","81","68","6","0","9","8","5","32","5","0","75","58","63","46","文句なし、パーフェクトです。プロも夢ではないでしょう。…もしかしてプロの方ですか？",
"2016-08-20 10:48:13","3710-84","千夜(佐藤聡美)","色葉おしながき","98.186","464","90","87","97","98","92","81","47","5","0","7","9","8","28.1","5","0","74","57","69","45","あっぱれというほかありません。ただただ感動するばかりです。理想的な歌声に脱帽です。",
"2016-08-20 10:37:38","3737-36","ココア(佐倉綾音)","チョコリズムチョコルール","99.758","475","93","95","90","98","99","69","42","5","2","10","9","5","38.7","5","0","73","58","61","46","最高のパフォーマンスですね。素晴らしい歌唱に酔いしれます。",
"2016-08-20 10:28:02","3755-58","竹達彩奈","Hey!カロリーQueen","97.554","458","89","88","92","99","90","71","35","6","1","5","9","5","22","5","0","72","60","60","48","あっぱれというほかありません。ただただ感動するばかりです。理想的な歌声に脱帽です。",
"2016-08-20 10:19:36","3755-62","MICHI","Checkmate!?","98.296","470","87","96","91","99","97","71","34","6","2","9","8","5","18.8","5","0","72","58","60","46","最高のパフォーマンスですね。素晴らしい歌唱に酔いしれます。",
"2016-07-21 18:00:32","5525-01","国歌","君が代","98.871","473","96","95","93","95","94","76","18","5","0","9","8","8","25.3","6","0","62","48","62","48","安定した音程で歌えています。声もとても良く伸びています。素晴らしい歌唱力ですね。",
"2016-07-21 17:55:03","3730-75","井口裕香","Hey World","99.639","478","93","93","94","99","99","76","49","7","1","9","8","5","24.3","5","0","75","58","63","46","あっぱれというほかありません。ただただ感動するばかりです。理想的な歌声に脱帽です。",
"2016-07-21 17:44:52","3699-37","鈴木このみ","This game","98.956","469","90","93","94","94","98","76","39","10","1","9","8","5","13.4","5","0","77","59","65","47","難しい曲ながら、ほぼ理想的な音程で歌えています。安定感も備わっています。",
"2016-07-21 17:34:14","3737-36","ココア(佐倉綾音)","チョコリズムチョコルール","99.19","474","89","95","92","99","99","72","35","6","2","9","9","5","24.1","5","0","73","58","61","46","あっぱれというほかありません。ただただ感動するばかりです。理想的な歌声に脱帽です。",
"2016-07-21 16:43:57","1041-49","Billy Joel","Piano Man [ピアノ・マン](生音)","92.351","435","81","83","94","95","82","77","20","4","0","4","8","5","28.4","5","0","67","45","67","45","リズムが正確ですね。調子が一定にならないよう、感情を込めてみましょう。",
"2016-07-21 16:34:46","3919-72","Idina Menzel","Let It Go [レット・イット・ゴー]","98.456","470","87","95","94","99","95","76","28","9","0","9","8","5","28.6","5","0","75","53","72","46","すべてにおいて技術が光っています。胸を張って十八番と言えます。",
"2016-07-21 16:25:33","2316-12","赤い鳥","翼をください(生音)","99.132","462","87","93","97","94","91","84","43","6","1","6","9","5","33","6","0","74","61","62","49","オリジナルに見事なほど忠実に歌えています。次はアレンジを入れてみてもいいかも。",
"2016-07-21 16:13:05","7205-17","いきものがかり","YELL(生音)","98.325","466","89","94","94","98","91","75","38","13","1","7","8","5","39.2","5","0","72","53","69","45","最高のパフォーマンスですね。素晴らしい歌唱に酔いしれます。",
"2016-07-21 16:01:22","3750-96","チノ(水瀬いのり)","そおっとブランケット","96.803","458","87","85","97","98","91","83","38","5","0","7","8","5","9.2","5","0","74","56","62","44","完コピですね。原曲の細部まで再現されており、オリジナルと同等な歌唱と言えます。",
"2016-07-21 15:52:03","3017-30","ヒャダイン","ヒャダインのカカカタ☆カタオモイ-C","89.218","430","79","82","89","99","81","68","17","6","2","3","8","5","2.4","5","0","74","48","74","48","後半の歌唱は良いですね。何度も歌って音程が安定すればもっと上達しますよ。",
"2016-07-21 15:41:25","3146-89","阪本さん(CV:白石稔)","阪本さんのニャーというとでも思ったか","96.732","462","84","92","95","99","92","74","29","14","5","7","9","5","15.8","5","0","69","43","69","43","最高のパフォーマンスですね。素晴らしい歌唱に酔いしれます。",
"2016-07-21 15:31:00","3730-75","井口裕香","Hey World","99.457","477","91","96","94","98","98","76","53","6","3","9","8","5","28.2","5","0","75","58","63","46","音程はほぼパーフェクト。圧巻の歌いっぷりですね。",
"2016-07-21 15:21:26","3737-43","リゼ(種田梨沙)","ミカヅキドロップ","97.063","465","84","94","98","95","94","87","33","7","0","8","8","5","14.3","6","0","72","56","60","45","あっぱれというほかありません。ただただ感動するばかりです。理想的な歌声に脱帽です。",
"2016-07-21 15:10:57","3737-36","ココア(佐倉綾音)","チョコリズムチョコルール","98.674","472","92","96","90","98","96","69","38","5","0","7","9","5","37","5","0","73","58","61","46","あっぱれというほかありません。ただただ感動するばかりです。理想的な歌声に脱帽です。",
"2016-07-21 14:59:09","3699-37","鈴木このみ","This game","99.687","478","91","97","93","98","99","74","45","13","1","9","9","5","23.2","5","0","77","59","65","47","最高のパフォーマンスですね。素晴らしい歌唱に酔いしれます。",
"2016-07-21 14:49:11","3730-75","井口裕香","Hey World","99.944","479","91","96","95","98","99","78","49","11","0","9","9","5","23.3","5","0","75","58","63","46","最高のパフォーマンスですね。素晴らしい歌唱に酔いしれます。",
"2016-07-21 14:39:04","3755-61","Machico","fantastic dreamer","98.168","466","90","95","90","99","92","69","27","5","3","7","8","5","15.4","5","0","74","59","73","47","ほぼ原曲通りに歌えています。優等生タイプですね。",
"2016-07-21 14:29:03","3758-73","ココア(佐倉綾音)&モカ(茅野愛衣)","Sister or Sister?","98.195","470","93","97","96","95","89","84","30","5","0","5","9","5","18.7","5","0","73","59","61","47","最高のパフォーマンスですね。素晴らしい歌唱に酔いしれます。",
"2016-07-21 14:16:53","3737-51","千夜(佐藤聡美)","月夜にお砂糖星","99.018","474","90","94","94","99","97","76","35","6","0","9","8","8","19.3","5","0","79","58","63","46","完コピですね。原曲の細部まで再現されており、オリジナルと同等な歌唱と言えます。",
"2016-07-21 14:06:41","3710-80","青山ブルーマウンテン(早見沙織)","うさぎになったバリスタ","98.377","472","88","97","97","97","93","82","38","10","1","7","9","5","36.3","5","0","74","56","62","44","すべてにおいて技術が光っています。胸を張って十八番と言えます。",
"2016-07-21 13:56:40","3763-70","チマメ隊","お手伝いのラララン添えはいかがですか?","97.377","466","87","93","93","99","94","73","31","11","0","9","8","5","9.6","5","0","74","57","69","45","すべてにおいて技術が光っています。胸を張って十八番と言えます。",
"2016-07-21 13:45:15","3737-36","ココア(佐倉綾音)","チョコリズムチョコルール","99.184","472","92","95","87","99","99","67","34","10","1","9","9","5","22.8","5","0","73","58","61","46","オリジナルに見事なほど忠実に歌えています。次はアレンジを入れてみてもいいかも。",
"2016-07-21 13:34:54","3758-73","ココア(佐倉綾音)&モカ(茅野愛衣)","Sister or Sister?","98.276","474","93","95","97","99","90","88","30","5","0","5","9","5","18","5","0","73","59","61","47","並外れた歌唱力ですね。音程のズレもほとんどありません。",
"2016-07-21 13:24:45","3699-37","鈴木このみ","This game","99.839","478","90","98","92","99","99","73","51","16","0","9","9","5","16.7","5","0","77","59","65","47","ほぼ原曲通りに歌えています。優等生タイプですね。",
"2016-07-21 13:14:26","3205-95","ChouCho(ちょうちょ)","優しさの理由","97.788","465","91","84","97","99","94","85","31","5","1","10","6","5","13.8","5","0","73","58","61","46","最高のパフォーマンスですね。素晴らしい歌唱に酔いしれます。",
"2016-07-21 13:06:12","7616-29","kemu feat.IA","六兆年と一夜物語","95.821","452","91","90","96","97","78","84","15","13","0","0","9","5","3.6","5","0","78","57","66","45","細かいところまで音程が取れています。安定感もありとても聴きやすい歌声です。",
"2016-07-21 12:57:55","7611-44","kemu","人生リセットボタン","92.751","439","84","79","96","99","81","88","14","12","1","0","9","8","4.1","5","0","76","57","64","47","リズム感がありますね。あとはメロディを正確につかみ本来の音程に近づけましょう。",
"2016-07-21 12:47:00","3750-99","チノ(水瀬いのり)","未来パズル","94.803","443","92","81","97","99","74","85","32","6","1","2","7","5","2.4","5","0","71","59","59","47","隅々に広がり、細部に伝わる歌声が心にも響きます。耳を奪われ、惚れ惚れしました。",
"2016-07-21 12:38:15","3755-51","アクア(CV:雨宮天)、めぐみん(CV:高橋李依)、ダクネス(CV:茅野愛衣)","ちいさな冒険者","97.642","466","91","84","96","98","97","80","30","5","2","9","8","14","1.9","5","0","72","55","60","45","並外れた歌唱力ですね。音程のズレもほとんどありません。",
"2016-07-21 12:29:13","3758-69","カズマ(CV:福島潤)","ろくでもないBLUES","94.824","443","86","91","82","87","97","63","9","9","1","9","8","5","4.8","5","0","73","59","73","59","フレーズのつながりがとても自然で聴きやすいです。安定感も十分です。",
"2016-07-21 12:19:37","2156-90","ルナ(CV:原紗友里)","ハローグッバイ","97.815","467","89","88","97","99","94","86","36","6","0","9","8","5","10.1","5","0","72","57","65","45","完コピですね。原曲の細部まで再現されており、オリジナルと同等な歌唱と言えます。",
"2016-07-21 12:10:45","3758-78","ダクネス(CV:茅野愛衣)","Do M","98.026","475","86","96","95","99","99","80","28","5","0","9","9","8","15.3","5","0","75","57","63","45","すべてにおいて技術が光っています。胸を張って十八番と言えます。",
"2016-07-21 12:00:44","3758-66","アクア(CV:雨宮天)","水色イルミネーション","97.965","473","85","97","94","99","98","77","33","5","0","9","8","5","26.3","5","0","73","60","61","48","ほぼ原曲通りに歌えています。優等生タイプですね。",
"2016-07-21 11:50:37","3758-89","めぐみん(CV:高橋李依)","Right☆eye","98.122","465","90","91","94","99","91","75","31","8","0","9","6","5","5.5","5","0","76","59","64","47","最高のパフォーマンスですね。素晴らしい歌唱に酔いしれます。",
"2016-07-21 11:41:18","3755-61","Machico","fantastic dreamer","99.146","472","90","94","91","99","98","71","32","6","1","9","8","5","10.5","5","0","74","59","64","47","並外れた歌唱力ですね。音程のズレもほとんどありません。",
"2016-07-21 11:30:45","4571-15","分島花音","RIGHT LIGHT RISE","96.747","461","84","90","95","98","94","77","32","6","0","8","8","8","8.7","5","0","78","55","66","43","すべてにおいて技術が光っています。胸を張って十八番と言えます。",
"2016-07-21 11:20:31","3730-75","井口裕香","Hey World","99.562","480","93","94","96","99","98","81","43","9","1","9","8","8","22.4","5","0","75","58","63","46","並外れた歌唱力ですね。音程のズレもほとんどありません。",
"2016-07-21 11:10:58","3700-40","Petit Rabbit's","Daydream cafe","98.284","477","88","97","95","98","99","80","19","6","0","9","9","5","13.5","5","0","72","58","60","46","最高のパフォーマンスですね。素晴らしい歌唱に酔いしれます。",
"2016-07-19 17:57:50","5525-01","国歌","君が代","99.292","480","96","92","95","99","98","81","22","5","1","9","8","5","28.1","5","0","62","48","62","48","並外れた歌唱力ですね。音程のズレもほとんどありません。",
"2016-07-19 17:44:30","3710-66","シャロ(内田真礼)","麗しのShooting star","98.066","478","89","98","94","99","98","77","29","10","2","9","8","5","14.6","5","0","73","57","61","45","オリジナルに見事なほど忠実に歌えています。次はアレンジを入れてみてもいいかも。",
"2016-07-19 17:34:22","3755-58","竹達彩奈","Hey!カロリーQueen","95.518","458","87","91","89","99","92","67","19","12","2","7","8","5","14.1","5","0","72","60","60","48","あっぱれというほかありません。ただただ感動するばかりです。理想的な歌声に脱帽です。",
"2016-07-19 17:25:11","3755-62","MICHI","Checkmate!?","94.534","453","84","88","92","98","91","71","18","9","3","6","8","5","8","5","0","72","58","60","46","ビブラートの腕はピカイチ。全体のメロディを把握して従来の音程に近づける努力を。",
"2016-07-19 17:15:19","3750-99","チノ(水瀬いのり)","未来パズル","93.489","445","91","78","97","98","81","82","30","7","0","5","6","5","1.7","5","0","71","59","59","47","音感がありますね。音程の変化にも柔軟に対応できています。",
"2016-07-19 17:04:00","3710-84","千夜(佐藤聡美)","色葉おしながき","97.961","476","89","93","97","98","99","86","34","7","0","9","9","5","16.1","5","0","74","57","62","45","ほぼ原曲通りに歌えています。優等生タイプですね。",
"2016-07-19 16:54:57","3758-73","ココア(佐倉綾音)&モカ(茅野愛衣)","Sister or Sister?","98.497","479","92","93","97","99","98","87","30","5","0","9","8","5","15.3","5","0","73","59","61","47","音程はほぼパーフェクト。圧巻の歌いっぷりですね。",
"2016-07-19 16:44:33","3146-89","阪本さん(CV:白石稔)","阪本さんのニャーというとでも思ったか","94.759","456","84","85","95","98","94","73","29","14","7","9","7","5","8.8","5","0","69","43","69","43","堂々たる歌いっぷりですね。音程に不安なところがないか今一度チェックしてみましょう。",
"2016-07-19 16:32:35","3763-70","チマメ隊","お手伝いのラララン添えはいかがですか?","95.888","462","85","88","94","99","96","75","32","10","1","10","8","8","5.5","5","0","74","57","69","45","完コピですね。原曲の細部まで再現されており、オリジナルと同等な歌唱と言えます。",
"2016-07-19 16:22:41","3755-61","Machico","fantastic dreamer","98.523","473","90","97","90","98","98","70","31","6","0","9","8","5","18","5","0","74","59","68","47","洗練されたビブラートですね。特にロングトーンからの流れに圧倒されました。",
"2016-07-19 16:13:19","3758-73","ココア(佐倉綾音)&モカ(茅野愛衣)","Sister or Sister?","98.323","479","90","95","96","99","99","86","24","7","1","9","8","5","12.3","5","0","73","59","61","47","完コピですね。原曲の細部まで再現されており、オリジナルと同等な歌唱と言えます。",
"2016-07-05 17:56:36","3758-73","ココア(佐倉綾音)&モカ(茅野愛衣)","Sister or Sister?","98.424","477","92","92","96","99","98","83","33","6","0","9","8","8","15.4","5","0","73","59","61","47","最高のパフォーマンスですね。素晴らしい歌唱に酔いしれます。",
"2016-07-05 17:49:42","3758-73","ココア(佐倉綾音)&モカ(茅野愛衣)","Sister or Sister?","98.895","482","92","95","97","99","99","86","37","5","0","9","9","5","19.9","5","0","73","59","61","47","すべてにおいて技術が光っています。胸を張って十八番と言えます。",
"2016-07-05 17:44:17","3758-73","ココア(佐倉綾音)&モカ(茅野愛衣)","Sister or Sister?","98.522","478","91","96","93","99","99","76","49","4","1","9","8","8","18.4","5","0","73","59","61","47","オリジナルに見事なほど忠実に歌えています。次はアレンジを入れてみてもいいかも。",
"2016-07-05 17:39:02","3755-61","Machico","fantastic dreamer","98.081","471","88","97","89","98","99","68","30","4","0","10","9","5","14.5","5","0","74","59","73","47","最高のパフォーマンスですね。素晴らしい歌唱に酔いしれます。",
"2016-07-05 17:34:02","3699-37","鈴木このみ","This game","97.257","467","88","97","94","99","89","75","49","10","0","5","8","5","15.5","5","0","77","59","65","47","完コピですね。原曲の細部まで再現されており、オリジナルと同等な歌唱と言えます。",
"2016-07-05 17:28:24","3758-73","ココア(佐倉綾音)&モカ(茅野愛衣)","Sister or Sister?","99.122","483","93","97","96","98","99","82","32","5","0","9","9","5","17.8","5","0","73","59","61","48","音程はほぼパーフェクト。圧巻の歌いっぷりですね。",
"2016-07-05 17:22:46","3762-70","千夜(佐藤聡美)&シャロ(内田真礼)","やきもち風味のカモミール","97.189","466","90","88","93","99","96","76","33","5","0","7","9","5","16.2","5","0","73","59","64","47","並外れた歌唱力ですね。音程のズレもほとんどありません。",
"2016-07-05 17:17:35","3758-73","ココア(佐倉綾音)&モカ(茅野愛衣)","Sister or Sister?","98.95","483","92","96","97","99","99","87","42","5","0","9","9","5","19.4","5","0","73","59","61","47","音程はほぼパーフェクト。圧巻の歌いっぷりですね。",
"2016-07-05 17:13:27","3758-92","リゼ(種田梨沙)","冷静とモフモフの国境線","96.914","470","87","92","93","99","99","74","36","5","2","9","9","5","9","5","0","73","56","68","46","ほぼ原曲通りに歌えています。優等生タイプですね。",
"2016-07-05 17:07:33","3756-31","Petit Rabbit's","にっこりカフェの魔法使い","97.107","471","87","96","96","97","95","78","33","6","0","8","9","5","25.4","6","0","73","56","73","47","難しい曲ながら、ほぼ理想的な音程で歌えています。安定感も備わっています。",
"2016-07-05 17:03:01","3750-98","チノ(水瀬いのり)","魔法少女チノ","97.514","466","90","89","98","99","90","88","33","5","1","6","8","8","7.3","5","0","73","57","64","45","並外れた歌唱力ですね。音程のズレもほとんどありません。",
"2016-07-05 16:57:39","3750-93","チノ(水瀬いのり)","かえりみちスキップ","97.649","471","88","90","98","99","96","90","41","5","0","9","8","5","10.3","5","0","71","59","59","47","難しい曲ながら、ほぼ理想的な音程で歌えています。安定感も備わっています。",
"2016-07-05 16:52:17","3750-96","チノ(水瀬いのり)","そおっとブランケット","97.245","469","90","89","98","98","94","87","43","6","0","9","8","5","5.1","5","0","74","56","62","44","あっぱれというほかありません。ただただ感動するばかりです。理想的な歌声に脱帽です。",
"2016-07-05 16:47:09","3750-94","チノ(水瀬いのり)","きらきら☆アラモード","95.016","453","89","82","97","98","87","85","36","6","0","5","8","5","3.5","5","0","74","56","71","45","ほぼ原曲通りに歌えています。優等生タイプですね。",
"2016-07-05 16:41:30","3750-95","チノ(水瀬いのり)","新作のしあわせはこちら!","97.586","471","91","89","98","99","94","89","40","8","0","9","8","5","6.2","5","0","73","62","61","50","最高のパフォーマンスですね。素晴らしい歌唱に酔いしれます。",
"2016-07-05 16:36:02","3750-99","チノ(水瀬いのり)","未来パズル","94.976","450","92","88","97","99","74","81","30","5","0","3","6","5","4.5","5","0","71","59","59","47","音程は安定しています。慣れてきたらアレンジを入れてみてもいいかも。",
"2016-07-05 16:31:26","3750-97","チノ(水瀬いのり)","出かけましょうと答えましょう","97.329","466","90","89","98","98","91","87","34","5","0","7","8","5","8","5","0","73","59","61","47","オリジナルに見事なほど忠実に歌えています。次はアレンジを入れてみてもいいかも。",
"2016-07-05 16:26:25","3756-34","チマメ隊","ときめきLOOPにのって","96.241","466","84","93","97","98","94","83","40","5","0","8","8","5","15.8","5","0","74","57","65","45","すべてにおいて技術が光っています。胸を張って十八番と言えます。",
"2016-07-05 16:20:28","3742-87","チマメ隊","ときめきポポロン♪","97.202","469","91","95","97","98","88","84","61","6","0","5","8","5","25.5","5","0","73","59","61","47","並外れた歌唱力ですね。音程のズレもほとんどありません。",
"2016-07-05 16:14:32","3756-30","Petit Rabbit's","なんとなくミライ","96.886","466","90","88","97","99","92","84","59","3","1","7","8","5","17.7","5","0","74","57","62","45","並外れた歌唱力ですね。音程のズレもほとんどありません。",
"2016-07-05 16:09:08","3742-88","Petit Rabbit's","ノーポイッ!","96.796","464","87","90","98","98","91","89","32","8","0","6","9","5","11.7","5","0","74","59","64","47","完コピですね。原曲の細部まで再現されており、オリジナルと同等な歌唱と言えます。",
"2016-07-05 16:03:28","3737-37","シャロ(内田真礼)","カフェインファイター","94.4","452","85","85","98","98","86","89","32","9","0","5","8","5","4.5","5","0","75","58","63","46","全体的に、ややクールに歌ってみましょう。自然な曲運びになります。",
"2016-07-05 15:58:01","3737-43","リゼ(種田梨沙)","ミカヅキドロップ","95.027","456","84","86","98","97","91","87","45","8","0","9","6","5","10.5","6","0","72","56","70","45","最高のパフォーマンスですね。素晴らしい歌唱に酔いしれます。",
"2016-07-05 15:52:48","3737-50","振り回され隊<チノ(水瀬いのり)&リゼ(種田梨沙)&シャロ(内田真礼)>","ハートぷるぷる事件です","97.068","467","91","93","88","99","96","68","26","7","1","9","8","10","12.1","5","0","80","60","71","48","音程はほぼパーフェクト。圧巻の歌いっぷりですね。",
"2016-07-05 15:46:43","3737-42","メグ(村川梨衣)","ナイショのはなしは夢の中で","97.1","467","89","87","97","99","95","84","39","5","0","9","8","5","11.5","5","0","74","58","61","46","最高のパフォーマンスですね。素晴らしい歌唱に酔いしれます。",
"2016-07-05 15:41:16","3737-41","マヤ(徳井青空)","ナマイキTiny Heart","96.303","459","89","86","96","98","90","79","33","6","0","8","7","8","9.9","5","0","73","59","61","47","すべてにおいて技術が光っています。胸を張って十八番と言えます。",
"2016-07-05 15:36:26","3710-68","チマメ隊","きらきらエブリディ","97.425","478","88","94","98","99","99","91","38","5","1","9","9","5","14.5","5","0","72","58","60","46","ほぼ原曲通りに歌えています。優等生タイプですね。",
"2016-07-05 15:30:58","3737-51","千夜(佐藤聡美)","月夜にお砂糖星","96.921","464","89","92","97","98","88","80","42","8","2","5","8","8","16.3","5","0","79","58","63","46","細かいところまで音程が取れています。安定感もありとても聴きやすい歌声です。",
"2016-07-05 15:25:19","3737-36","ココア(佐倉綾音)","チョコリズムチョコルール","98.201","472","91","94","91","98","98","72","34","5","1","10","8","5","26.8","5","0","73","58","63","46","最高のパフォーマンスですね。素晴らしい歌唱に酔いしれます。",
"2016-07-05 15:20:49","3737-31","Petit Rabbit's","宝箱のジェットコースター","94.585","452","86","93","95","98","80","77","34","5","0","3","8","5","20.5","5","0","73","59","60","47","全体的に落ち着いた歌声です。もう少し感情を込めて歌うと曲に個性が出てきますよ。",
"2016-07-05 15:15:51","3737-38","チマメ隊","ぴょん'sぷりんぷるん","96.522","467","87","93","91","99","97","72","26","2","0","9","8","5","16.4","5","0","77","56","68","44","完コピですね。原曲の細部まで再現されており、オリジナルと同等な歌唱と言えます。",
"2016-07-05 15:10:55","3710-67","チノ(水瀬いのり)&リゼ(種田梨沙)&シャロ(内田真礼)","VSマイペース?","93.338","451","81","92","93","99","86","77","13","5","0","5","8","5","22.6","5","0","72","55","67","45","リズム感がありますね。あとは音程に注意すれば完ぺきです。",
"2016-07-05 15:05:04","3710-80","青山ブルーマウンテン(早見沙織)","うさぎになったバリスタ","95.912","465","85","96","94","98","92","76","56","5","0","6","9","5","44.1","5","0","74","56","62","46","ほぼ原曲通りに歌えています。優等生タイプですね。",
"2016-07-05 15:00:20","3710-62","Petit Rabbit's","一匙のお姫さま物語","96.819","463","88","93","97","97","88","86","24","5","0","3","10","5","3.7","6","0","73","61","61","49","最高のパフォーマンスですね。素晴らしい歌唱に酔いしれます。",
"2016-07-05 14:55:07","3710-66","シャロ(内田真礼)","麗しのShooting star","97.88","476","89","98","93","98","98","75","32","5","1","9","8","5","18.1","5","0","73","57","71","45","最高のパフォーマンスですね。素晴らしい歌唱に酔いしれます。",
"2016-07-05 14:49:52","3710-70","リゼ(種田梨沙)","夢見るアプレミディ","94.971","458","85","85","98","99","91","88","38","5","0","7","8","8","14.6","5","0","72","54","69","46","音感がありますね。音程の変化にも柔軟に対応できています。",
"2016-07-05 14:43:51","3708-71","リゼ(種田梨沙)&シャロ(内田真礼)","Eを探す日常","97.523","470","88","92","96","96","98","81","35","6","0","9","8","5","5.5","5","0","81","60","69","48","オリジナルに見事なほど忠実に歌えています。次はアレンジを入れてみてもいいかも。",
"2016-07-05 14:38:49","3710-65","シャロ(内田真礼)","ときめきミルフィーユ","96.598","464","86","91","96","99","92","79","29","5","0","7","9","5","12.7","5","0","73","58","61","46","ほぼ原曲通りに歌えています。優等生タイプですね。",
"2016-07-05 14:32:36","3710-84","千夜(佐藤聡美)","色葉おしながき","98.631","474","89","94","97","98","96","85","53","5","0","9","8","5","21.6","5","0","74","57","72","50","オリジナルに見事なほど忠実に歌えています。次はアレンジを入れてみてもいいかも。",
"2016-07-05 14:26:47","3708-86","千夜(佐藤聡美)&シャロ(内田真礼)","ずっと一緒","97.456","467","90","87","96","95","99","80","39","8","0","9","8","5","19.6","6","0","71","59","63","47","最高のパフォーマンスですね。素晴らしい歌唱に酔いしれます。",
"2016-07-05 14:21:47","3707-83","リゼ(種田梨沙)","Love&Gun","95.495","459","85","89","92","98","95","72","31","5","1","9","8","5","10.7","5","0","73","57","65","46","すべてにおいて技術が光っています。胸を張って十八番と言えます。",
"2016-07-05 14:16:44","3707-78","ココア(佐倉綾音)","スマイルメーカー","94.663","453","84","93","97","98","81","84","31","5","0","3","8","5","8.4","5","0","73","58","63","46","実に優雅なビブラートですね。ロングトーンでも同じレベルが保てるよう心がけましょう。",
"2016-07-05 14:11:44","3707-81","ココア(佐倉綾音)&リゼ(種田梨沙)","Rabbit Hole","92.482","437","85","76","93","99","84","76","14","4","1","4","8","8","6.5","5","0","73","57","61","48","繊細で美しいビブラートです。歌の世界に引き込まれるようです。",
"2016-07-05 14:06:27","3707-82","チノ(水瀬いのり)","a cup of happiness","97.999","471","89","90","98","98","96","90","43","6","0","9","8","5","18.7","5","0","72","57","60","46","完コピですね。原曲の細部まで再現されており、オリジナルと同等な歌唱と言えます。",
"2016-07-05 14:01:01","3707-79","ココア(佐倉綾音)","ハミングsoon!","97.752","467","92","89","93","99","94","75","43","5","2","9","7","5","15","5","0","74","59","62","47","ほぼ原曲通りに歌えています。優等生タイプですね。",
"2016-07-05 13:55:56","3707-80","ココア(佐倉綾音)&チノ(水瀬いのり)","全天候型いらっしゃいませ","95.392","452","86","85","95","99","87","78","51","5","0","5","8","5","16.9","5","0","72","59","60","47","完コピですね。原曲の細部まで再現されており、オリジナルと同等な歌唱と言えます。",
"2016-07-05 13:50:49","3705-82","Petit Rabbit's","日常デコレーション","97.356","471","88","93","97","98","95","83","47","5","0","9","8","8","19.3","5","0","72","56","70","44","すべてにおいて技術が光っています。胸を張って十八番と言えます。",
"2016-07-05 13:45:39","3700-38","チマメ隊","ぽっぴんジャンプ♪","95.32","455","86","90","97","99","83","80","30","5","2","3","9","5","15.7","5","0","71","57","59","45","細かいところまで音程が取れています。安定感もありとても聴きやすい歌声です。",
"2016-07-05 13:40:29","3700-40","Petit Rabbit's","Daydream cafe","97.644","478","87","98","96","98","99","83","27","6","2","9","9","5","13.7","5","0","72","58","60","46","すべてにおいて技術が光っています。胸を張って十八番と言えます。",
"2016-07-05 13:07:43","3755-51","アクア(CV:雨宮天)、めぐみん(CV:高橋李依)、ダクネス(CV:茅野愛衣)","ちいさな冒険者","95.881","455","90","86","98","94","87","90","32","5","0","5","8","5","13","6","0","72","55","60","45","すべてにおいて技術が光っています。胸を張って十八番と言えます。",
"2016-07-05 13:03:05","3758-69","カズマ(CV:福島潤)","ろくでもないBLUES","92.088","450","79","94","80","98","99","61","9","0","1","8","9","5","11.6","5","0","73","59","73","59","繊細で美しいビブラートです。歌の世界に引き込まれるようです。",
"2016-07-05 12:58:01","2156-90","ルナ(CV:原紗友里)","ハローグッバイ","97.145","466","89","90","98","98","91","89","31","6","0","7","8","5","23.2","5","0","72","57","67","47","あっぱれというほかありません。ただただ感動するばかりです。理想的な歌声に脱帽です。",
"2016-07-05 12:53:31","3758-78","ダクネス(CV:茅野愛衣)","Do M","96.544","474","85","97","95","98","99","79","32","4","0","9","9","5","22.4","5","0","75","57","63","45","ほぼ原曲通りに歌えています。優等生タイプですね。",
"2016-07-05 12:48:15","3758-66","アクア(CV:雨宮天)","水色イルミネーション","97.252","471","85","96","96","98","96","80","42","5","0","9","9","5","25.2","5","0","73","60","61","48","ほぼ原曲通りに歌えています。優等生タイプですね。",
"2016-07-05 12:42:43","3758-89","めぐみん(CV:高橋李依)","Right☆eye","97.769","472","89","92","94","98","99","77","32","6","2","9","9","5","11.7","5","0","76","59","64","47","最高のパフォーマンスですね。素晴らしい歌唱に酔いしれます。",
"2016-07-05 12:37:51","3755-61","Machico","fantastic dreamer","98.517","476","90","95","95","98","98","79","32","5","3","9","8","5","14.6","5","0","74","59","74","47","並外れた歌唱力ですね。音程のズレもほとんどありません。",
"2016-07-05 12:32:31","3483-62","千反田える(佐藤聡美)&伊原摩耶花(茅野愛衣)","君にまつわるミステリー","97.662","468","86","91","97","98","96","85","34","5","0","9","8","5","15.9","5","0","75","58","61","48","すべてにおいて技術が光っています。胸を張って十八番と言えます。",
"2016-07-05 12:27:25","3481-30","こだまさおり","未完成ストライド","93.736","453","84","78","98","98","95","87","33","10","0","9","8","5","7.7","5","0","72","55","62","47","うろ覚えの個所があるようです。気になるところを集中的に繰り返し練習してみましょう。",
"2016-07-05 12:22:13","3221-59","千反田える(佐藤聡美)&伊原摩耶花(茅野愛衣)","まどろみの約束","95.403","458","85","83","98","99","93","87","31","5","0","8","8","8","11.5","5","0","72","57","60","45","完コピですね。原曲の細部まで再現されており、オリジナルと同等な歌唱と言えます。",
"2016-07-05 12:16:59","3205-95","ChouCho(ちょうちょ)","優しさの理由","95.363","453","89","86","97","98","83","85","25","5","0","4","8","5","17","5","0","73","58","61","46","ほぼ原曲通りに歌えています。優等生タイプですね。",
"2016-07-05 12:09:49","3202-09","水上麻衣(CV:富樫美鈴)","日常のまち","97.141","462","91","84","98","99","90","87","41","6","0","6","9","5","23.2","5","0","72","60","71","50","あっぱれというほかありません。ただただ感動するばかりです。理想的な歌声に脱帽です。",
"2016-07-05 12:04:38","3063-45","はかせ(CV:今野宏美)&東雲なの(CV:古谷静佳)&阪本さん(CV:白石稔)","東雲研究所の、今日も平和です","95.844","459","83","90","97","95","94","84","38","5","0","9","7","8","9.6","6","0","81","50","70","50","オリジナルに見事なほど忠実に歌えています。次はアレンジを入れてみてもいいかも。",
"2016-07-05 12:00:09","3063-62","相生祐子(CV:本多真梨子)&長野原みお(CV:相沢舞)&水上麻衣(CV:富樫美鈴)","ゆっこ・みお・麻衣の スチャラカ三人衆","95.095","463","82","95","93","98","95","73","30","6","0","9","8","5","9.4","5","0","82","57","69","48","オリジナルに見事なほど忠実に歌えています。次はアレンジを入れてみてもいいかも。",
"2016-07-05 11:55:04","3690-52","桜井先生(CV:小菅真美)","桜井先生のドキドキ生徒指導","88.827","425","78","79","91","98","79","72","22","4","1","3","7","5","4.2","5","0","75","57","63","48","堂々たる歌いっぷりですね。音程に不安なところがないか今一度チェックしてみましょう。",
"2016-07-05 11:50:21","3202-26","立花みさと(CV:堀川千華)","みさとの学校生活は爆発だっ!!","90.816","406","86","61","87","92","80","68","12","6","0","4","6","8","5.5","5","0","72","60","60","48","細部にわたり音程をつかめています。もっと難しい曲にも挑戦してみては？",
"2016-07-05 11:45:39","3185-89","笹原幸治郎(CV:川原慶久)","笹原のコジロウポルカ","91.34","398","85","55","95","80","83","77","17","9","2","6","6","5","8","5","0","65","50","65","51","サビでの音が下がり気味です。音程をしっかりキープして、見せ場を作りましょう。",
"2016-07-05 11:39:58","3146-95","水上麻衣(CV:富樫美鈴)","麻衣の涙の阿弥陀如来","94.61","458","82","95","98","99","84","90","30","6","2","4","8","5","23.7","5","0","72","57","60","45","ノリがいいですね。シャウトもなかなか決まっていますよ。",
"2016-07-05 11:34:37","3153-08","長野原みお(CV:相沢舞)","みおのカプってカプって萌えちぎれ","93.969","459","80","97","90","98","94","68","37","7","3","8","8","5","15.8","5","0","76","46","70","45","ロングトーンのピッチは安定しています。全体を通して正確な音程を目指しましょう。",
"2016-07-05 11:29:48","3146-98","相生祐子(CV:本多真梨子)","ゆっこのスラマッパギだよ人生は","94.372","447","84","79","94","99","91","77","13","7","0","6","8","8","9.8","5","0","79","58","74","48","音程は良く取れています。声のアクセントを少なくすれば得点も着実に上がります。",
"2016-07-05 11:23:26","3146-89","阪本さん(CV:白石稔)","阪本さんのニャーというとでも思ったか","92.322","443","78","90","95","98","82","78","18","9","1","3","8","5","28.6","5","0","69","43","69","43","実に優雅なビブラートですね。ロングトーンでも同じレベルが保てるよう心がけましょう。",
"2016-07-05 11:17:57","3146-62","はかせ(CV:今野宏美)","はかせの好きなのなの","95.607","449","86","93","85","88","97","67","8","9","0","9","8","5","9.7","5","0","78","60","66","48","細かいところまで音程が取れています。安定感もありとても聴きやすい歌声です。",
"2016-07-05 11:12:50","3153-09","東雲なの(CV:古谷静佳)","なののネジ回しラプソディ","97.123","457","87","89","96","99","86","79","32","5","0","4","9","5","22.4","5","0","74","57","62","45","最高のパフォーマンスですね。素晴らしい歌唱に酔いしれます。",
"2016-07-05 11:07:52","3023-08","佐咲紗花","Zzz","94.409","446","82","89","97","99","79","86","26","3","1","3","8","5","26.4","5","0","74","58","62","46","リズム感がありますね。あとは音程に注意すれば完ぺきです。",
"2016-07-05 11:02:30","3065-08","ヒャダイン","ヒャダインのじょーじょーゆーじょー","90.736","437","79","83","96","99","80","84","14","6","2","2","9","8","11.5","5","0","76","48","75","45","安定感のある歌声ですね。細かな節回しをマスターすれば歌の完成度が高まります。",
"2016-07-05 10:57:55","3017-30","ヒャダイン","ヒャダインのカカカタ☆カタオモイ-C","94.229","459","80","92","97","98","92","81","28","7","1","8","7","5","15.2","5","0","74","48","74","48","自信を持った歌いっぷりですね。ビブラートやロングトーンのテクニックも取り入れてみては。",
"2016-07-05 10:52:09","4571-15","分島花音","RIGHT LIGHT RISE","94.559","456","80","90","93","98","95","74","29","8","0","9","8","8","12.7","5","0","78","55","75","43","ピッチが高いかもしれませんね。キーを下げてみて、苦しくない音域で歌唱してみては。",
"2016-07-05 10:46:57","3730-75","井口裕香","Hey World","96.664","453","84","88","97","96","88","84","51","5","0","5","8","5","25.1","6","0","75","58","63","46","オリジナルに見事なほど忠実に歌えています。次はアレンジを入れてみてもいいかも。",
"2016-07-05 10:44:25","5525-01","国歌","君が代","94.6","435","91","90","86","80","88","66","20","5","0","5","8","8","40.7","9","0","62","48","62","48","心に伝わる澄み切ったキレイな歌声ですね。長く続く余韻に気持ちが穏やかになりました。",
"2016-06-30 17:05:31","3742-87","チマメ隊","ときめきポポロン♪","98.625","474","89","95","97","99","94","82","37","6","1","8","8","5","24","5","0","73","59","61","47","すべてにおいて技術が光っています。胸を張って十八番と言えます。",
"2016-06-30 16:51:00","3481-40","LiSA","crossing field","94.873","460","81","93","93","98","95","73","31","12","1","8","8","8","14.7","5","0","77","57","62","47","ブレがなく実に堂々とした歌声です。威厳すら感じられます。",
"2016-06-30 16:35:34","3758-69","カズマ(CV:福島潤)","ろくでもないBLUES","95.392","455","88","95","76","99","97","56","14","6","0","7","9","5","12.7","5","0","73","59","73","59","すべてにおいて技術が光っています。胸を張って十八番と言えます。",
"2016-06-30 16:23:11","3710-66","シャロ(内田真礼)","麗しのShooting star","95.018","456","88","96","81","94","97","60","31","6","1","9","8","5","13.6","5","0","73","57","72","45","オリジナルに見事なほど忠実に歌えています。次はアレンジを入れてみてもいいかも。",
"2016-06-30 16:09:33","3699-37","鈴木このみ","This game","96.247","465","85","97","86","99","98","65","33","12","0","9","8","5","15.9","5","0","77","59","65","47","難しい曲ながら、ほぼ理想的な音程で歌えています。安定感も備わっています。",
"2016-06-30 15:55:50","3708-71","リゼ(種田梨沙)&シャロ(内田真礼)","Eを探す日常","96.162","457","87","87","91","94","98","71","34","5","0","9","8","8","4.6","5","0","81","60","69","48","最高のパフォーマンスですね。素晴らしい歌唱に酔いしれます。",
"2016-06-30 15:25:31","3710-68","チマメ隊","きらきらエブリディ","96.991","457","86","93","97","88","93","85","32","5","0","7","9","8","15.8","5","0","72","58","60","46","最高のパフォーマンスですね。素晴らしい歌唱に酔いしれます。",
"2016-06-30 15:11:56","3737-37","シャロ(内田真礼)","カフェインファイター","95.563","462","83","89","97","98","95","85","30","7","0","8","8","14","6.2","5","0","75","58","63","46","オリジナルに見事なほど忠実に歌えています。次はアレンジを入れてみてもいいかも。",
"2016-06-30 14:55:44","3483-62","千反田える(佐藤聡美)&伊原摩耶花(茅野愛衣)","君にまつわるミステリー","98.435","474","86","97","97","99","95","84","34","6","0","9","8","5","18.5","5","0","75","58","63","47","最高のパフォーマンスですね。素晴らしい歌唱に酔いしれます。",
"2016-06-30 14:40:18","3758-66","アクア(CV:雨宮天)","水色イルミネーション","96.981","475","85","97","97","99","97","83","27","5","0","9","9","5","30.3","5","0","73","60","61","48","あっぱれというほかありません。ただただ感動するばかりです。理想的な歌声に脱帽です。",
"2016-06-30 14:25:33","3737-41","マヤ(徳井青空)","ナマイキTiny Heart","95.741","457","86","90","94","99","88","75","33","8","0","6","8","8","14.3","5","0","73","59","63","47","ほぼ原曲通りに歌えています。優等生タイプですね。",
"2016-06-30 14:11:41","3202-09","水上麻衣(CV:富樫美鈴)","日常のまち","98.82","475","92","90","97","99","97","86","47","6","1","9","8","8","24.6","5","0","72","60","60","48","並外れた歌唱力ですね。音程のズレもほとんどありません。",
"2016-06-30 13:56:32","3481-30","こだまさおり","未完成ストライド","94.323","451","83","90","97","98","83","84","31","10","0","4","7","8","13","5","0","72","55","71","47","曲に忠実に歌えば、より自然な仕上がりになりますよ。",
"2016-06-30 13:41:13","3758-89","めぐみん(CV:高橋李依)","Right☆eye","96.034","457","87","87","93","98","92","72","27","5","4","7","8","8","7.3","5","0","76","59","64","47","すべてにおいて技術が光っています。胸を張って十八番と言えます。",
"2016-06-30 13:25:30","3756-31","Petit Rabbit's","にっこりカフェの魔法使い","95.611","454","86","94","92","98","84","73","29","5","0","3","9","8","27.7","5","0","73","56","61","44","難しい曲ながら、ほぼ理想的な音程で歌えています。安定感も備わっています。",
"2016-06-30 13:09:41","3146-89","阪本さん(CV:白石稔)","阪本さんのニャーというとでも思ったか","95.678","459","83","92","95","99","90","74","32","16","12","6","8","5","22.4","5","0","69","43","69","43","すべてにおいて技術が光っています。胸を張って十八番と言えます。",
"2016-06-30 12:54:58","3221-59","千反田える(佐藤聡美)&伊原摩耶花(茅野愛衣)","まどろみの約束","97.246","470","84","93","97","99","97","81","43","8","0","9","9","5","20.5","5","0","72","57","66","45","オリジナルに見事なほど忠実に歌えています。次はアレンジを入れてみてもいいかも。",
"2016-06-30 12:42:09","3755-51","アクア(CV:雨宮天)、めぐみん(CV:高橋李依)、ダクネス(CV:茅野愛衣)","ちいさな冒険者","95.078","452","90","83","97","98","84","84","45","5","2","5","7","8","10.1","5","0","72","55","60","43","並外れた歌唱力ですね。音程のズレもほとんどありません。",
"2016-06-30 12:28:55","3710-67","チノ(水瀬いのり)&リゼ(種田梨沙)&シャロ(内田真礼)","VSマイペース?","94.358","452","83","91","94","99","85","76","18","6","1","4","8","5","24.7","5","0","72","55","72","45","声に強弱をつけすぎて、やや不自然に聴こえます。手元からマイクを離しすぎないように。",
"2016-06-30 12:14:45","4383-18","シング・アウト","涙をこえて","98.373","464","88","93","91","99","93","70","34","6","1","7","8","5","43","5","0","65","46","65","46","すべてにおいて技術が光っています。胸を張って十八番と言えます。",
"2016-06-30 11:58:53","3205-95","ChouCho(ちょうちょ)","優しさの理由","98.524","467","90","91","96","99","91","78","32","5","2","8","7","5","18.5","5","0","73","58","61","46","最高のパフォーマンスですね。素晴らしい歌唱に酔いしれます。",
"2016-06-30 11:46:19","3755-61","Machico","fantastic dreamer","98.178","466","90","92","90","99","95","69","34","6","3","8","8","5","18.5","5","0","74","59","62","47","完コピですね。原曲の細部まで再現されており、オリジナルと同等な歌唱と言えます。",
"2016-06-15 17:28:26","3708-86","千夜(佐藤聡美)&シャロ(内田真礼)","ずっと一緒","95.99","457","87","92","94","98","86","77","34","3","0","4","9","5","25.4","5","0","71","59","66","47","あっぱれというほかありません。ただただ感動するばかりです。理想的な歌声に脱帽です。",
"2016-06-15 17:18:38","3737-43","リゼ(種田梨沙)","ミカヅキドロップ","96.008","459","84","92","97","97","89","82","32","8","1","5","9","8","14.3","6","0","72","56","60","45","オリジナルに見事なほど忠実に歌えています。次はアレンジを入れてみてもいいかも。",
"2016-06-15 17:08:51","3750-99","チノ(水瀬いのり)","未来パズル","92.881","421","87","58","98","98","80","87","37","5","1","3","8","8","5.3","5","0","71","59","69","47","持ち味が良く出ています。音程もなかなか上手に取れていますよ。",
"2016-06-15 16:58:33","3756-30","Petit Rabbit's","なんとなくミライ","96.028","454","88","84","96","99","87","79","46","5","2","5","8","5","16","5","0","74","57","62","46","完コピですね。原曲の細部まで再現されており、オリジナルと同等な歌唱と言えます。",
"2016-06-15 16:42:33","3755-51","アクア(CV:雨宮天)、めぐみん(CV:高橋李依)、ダクネス(CV:茅野愛衣)","ちいさな冒険者","95.823","462","92","80","99","98","93","86","34","5","8","7","8","8","4.4","5","0","72","55","60","45","ほぼ原曲通りに歌えています。優等生タイプですね。",
"2016-06-15 16:33:18","3758-69","カズマ(CV:福島潤)","ろくでもないBLUES","86.429","417","74","86","89","87","81","75","5","6","0","3","8","14","12.9","5","0","73","59","66","59","なかなかヤンチャな歌い手さんですね。もう少しメロディに沿って歌っても損はないはず。",
"2016-06-15 16:24:26","2156-90","ルナ(CV:原紗友里)","ハローグッバイ","95.058","461","82","93","97","98","91","86","34","5","1","6","9","5","22.4","5","0","72","57","67","45","あっぱれというほかありません。ただただ感動するばかりです。理想的な歌声に脱帽です。",
"2016-06-15 16:15:27","3758-78","ダクネス(CV:茅野愛衣)","Do M","90.356","440","79","95","85","100","81","63","27","5","1","2","9","8","25.5","5","0","75","57","71","47","抑揚が効いていて、気持ちのこもった歌声です。音程の精度を高めれば、高得点も狙えます。",
"2016-06-15 16:05:45","3758-66","アクア(CV:雨宮天)","水色イルミネーション","97.041","461","85","94","92","98","92","73","34","5","1","6","9","8","33.3","5","0","73","60","61","48","ほぼ原曲通りに歌えています。優等生タイプですね。",
"2016-06-15 15:56:12","3758-89","めぐみん(CV:高橋李依)","Right☆eye","93.656","442","86","89","88","99","80","67","27","8","0","2","8","8","13.1","5","0","76","59","64","47","正確な音程で歌えています。文句なしの仕上がりですね。",
"2016-06-15 15:46:34","3755-61","Machico","fantastic dreamer","95.097","446","86","91","92","99","78","72","31","7","0","2","8","5","22.7","5","0","74","59","68","47","あっぱれというほかありません。ただただ感動するばかりです。理想的な歌声に脱帽です。",
"2016-05-26 17:59:12","5525-01","国歌","君が代","92.395","426","95","92","81","67","91","61","19","2","0","7","8","8","32.7","10","0","62","48","62","48","フレーズのタメ具合が絶妙で曲の世界観が広がるようです。音程もしっかりしていますね。",
"2016-05-26 17:54:45","3737-19","学園生活部[丈槍由紀(水瀬いのり)、恵飛須沢胡桃(小澤亜李)、若狭悠里(M・A・O)、直樹美紀(高橋李依)]","ふ・れ・ん・ど・し・た・い","86.927","397","83","65","74","99","76","56","1","15","0","5","4","4","7.1","5","0","72","60","70","48","力まず、お腹から声を出すように歌いましょう。こぶしが一段と光ります。",
"2016-05-26 17:39:15","3750-94","チノ(水瀬いのり)","きらきら☆アラモード","96.294","459","86","95","93","98","87","74","37","7","0","5","8","8","16.6","5","0","74","56","62","44","完コピですね。原曲の細部まで再現されており、オリジナルと同等な歌唱と言えます。",
"2016-05-26 17:16:15","3750-96","チノ(水瀬いのり)","そおっとブランケット","96.045","459","87","83","95","99","95","77","39","7","0","9","8","8","14.1","5","0","74","56","62","44","完コピですね。原曲の細部まで再現されており、オリジナルと同等な歌唱と言えます。",
"2016-05-26 16:52:59","3710-67","チノ(水瀬いのり)&リゼ(種田梨沙)&シャロ(内田真礼)","VSマイペース?","95.25","457","83","93","92","98","91","74","14","6","0","7","8","8","19.7","5","0","72","55","70","45","ほぼ原曲通りに歌えています。優等生タイプですね。",
"2016-05-26 16:29:37","3707-80","ココア(佐倉綾音)&チノ(水瀬いのり)","全天候型いらっしゃいませ","95.044","456","87","94","82","99","94","61","38","6","0","7","8","8","24.4","5","0","72","59","60","47","細かいところまで音程が取れています。安定感もありとても聴きやすい歌声です。",
"2016-05-26 16:05:55","3700-38","チマメ隊","ぽっぴんジャンプ♪","94.839","453","84","88","85","99","97","64","33","5","1","9","8","8","18.9","5","0","71","57","69","45","リズムに乗っていますね。この調子で練習を重ねれば点数アップも望めます。",
"2016-05-26 15:42:04","3202-09","水上麻衣(CV:富樫美鈴)","日常のまち","96.047","453","93","94","85","98","83","64","54","6","0","3","9","8","39.5","5","0","72","60","60","48","完コピですね。原曲の細部まで再現されており、オリジナルと同等な歌唱と言えます。",
"2016-05-26 15:16:57","3750-99","チノ(水瀬いのり)","未来パズル","93.003","425","89","63","95","99","79","77","35","5","2","3","8","8","5.6","5","0","71","59","59","47","個性的な歌い方で、聴いていて楽しい気分になります。音程もなかなかの精度ですよ。",
"2016-05-26 14:56:06","3710-80","青山ブルーマウンテン(早見沙織)","うさぎになったバリスタ","97.916","472","92","95","90","99","96","70","39","5","0","7","9","8","48.1","5","0","74","56","62","44","最高のパフォーマンスですね。素晴らしい歌唱に酔いしれます。",
"2016-05-26 14:35:02","3750-97","チノ(水瀬いのり)","出かけましょうと答えましょう","95.856","453","91","85","89","98","90","68","29","6","0","6","8","8","15.5","5","0","73","59","61","47","すべてにおいて技術が光っています。胸を張って十八番と言えます。",
"2016-05-26 13:49:32","3755-51","アクア(CV:雨宮天)、めぐみん(CV:高橋李依)、ダクネス(CV:茅野愛衣)","ちいさな冒険者","94.274","450","93","80","81","98","98","60","30","5","0","8","8","8","4.7","5","0","72","55","60","45","低音域が決まっていますね。この調子で渋めの曲にどんどん挑戦を。",
"2016-05-26 13:31:10","3755-61","Machico","fantastic dreamer","94.159","446","88","100","83","99","76","62","32","6","0","1","8","5","22.3","5","0","74","59","68","47","リズムに乗っていますね。この調子で練習を重ねれば点数アップも望めます。",
"2016-05-06 17:49:14","3737-31","Petit Rabbit's","宝箱のジェットコースター","92.736","441","82","90","91","99","79","70","32","5","0","3","8","8","19.5","5","0","73","59","61","47","波打つようなビブラートですね。高低差がある中にも、繊細さが感じられます。",
"2016-05-06 17:35:27","3710-62","Petit Rabbit's","一匙のお姫さま物語","94.019","448","84","89","97","98","80","83","28","6","0","3","8","8","6.4","5","0","73","61","71","49","正しい音程で伸び伸びと歌えています。この調子で頑張りましょう。",
"2016-05-06 17:20:19","3707-83","リゼ(種田梨沙)","Love&Gun","92.786","442","81","70","97","98","96","85","28","7","1","9","9","8","11.3","5","0","73","57","61","45","惚れ惚れするようなビブラートです。この美しさをキープしましょう。",
"2016-05-06 17:03:49","3742-87","チマメ隊","ときめきポポロン♪","94.977","451","85","82","97","99","88","83","38","8","0","4","9","8","24.4","5","0","73","59","61","47","部屋全体に響き渡る声ですね。１つ１つの音が生き生きと聴こえてきます。",
"2016-05-06 16:49:27","3205-95","ChouCho(ちょうちょ)","優しさの理由","95.915","458","87","82","92","98","99","73","33","6","0","9","9","8","16.5","5","0","73","58","61","46","あっぱれというほかありません。ただただ感動するばかりです。理想的な歌声に脱帽です。",
"2016-05-06 16:32:29","3146-89","阪本さん(CV:白石稔)","阪本さんのニャーというとでも思ったか","93.037","452","79","88","93","98","94","71","30","15","7","8","8","8","25","5","0","69","43","69","43","バランスは悪くないですね。原曲をしっかり覚えれば、さらなる向上が期待できます。",
"2016-05-06 16:18:52","3063-62","相生祐子(CV:本多真梨子)&長野原みお(CV:相沢舞)&水上麻衣(CV:富樫美鈴)","ゆっこ・みお・麻衣の スチャラカ三人衆","91.486","437","79","90","92","98","78","71","30","8","1","1","8","8","13","5","0","82","57","71","48","ナチュラルでメリハリある歌唱に惹きつけられます。曲の情景が思い浮かびますね。",
"2016-05-06 16:00:56","7616-29","kemu feat.IA","六兆年と一夜物語","91.222","382","84","41","96","99","62","79","22","25","0","0","7","8","4.8","5","0","78","57","66","45","力まず、お腹から声を出すように歌いましょう。こぶしが一段と光ります。",
"2016-05-06 15:42:41","3750-96","チノ(水瀬いのり)","そおっとブランケット","95.466","454","83","88","97","98","88","84","39","8","0","6","7","8","13.8","5","0","74","56","62","44","ほぼ原曲通りに歌えています。優等生タイプですね。",
"2016-05-06 15:24:57","3737-50","振り回され隊<チノ(水瀬いのり)&リゼ(種田梨沙)&シャロ(内田真礼)>","ハートぷるぷる事件です","96.477","461","87","96","82","98","98","62","19","2","0","9","8","8","15.8","5","0","80","60","73","48","ほぼ原曲通りに歌えています。優等生タイプですね。",
"2016-05-06 15:07:07","3737-41","マヤ(徳井青空)","ナマイキTiny Heart","93.758","444","84","90","84","98","88","63","26","5","0","5","8","8","13.3","5","0","73","59","63","47","自信を持った歌いっぷりですね。ビブラートやロングトーンのテクニックも取り入れてみては。",
"2016-05-06 14:46:47","3737-36","ココア(佐倉綾音)","チョコリズムチョコルール","97.186","462","85","92","90","98","97","69","33","8","0","8","9","8","29.5","5","0","73","58","61","46","最高のパフォーマンスですね。素晴らしい歌唱に酔いしれます。",
"2016-05-06 14:26:46","3710-80","青山ブルーマウンテン(早見沙織)","うさぎになったバリスタ","97.154","470","86","95","92","99","98","73","36","5","1","8","8","8","48.2","5","0","74","56","62","44","完コピですね。原曲の細部まで再現されており、オリジナルと同等な歌唱と言えます。",
"2016-05-06 13:46:51","3708-86","千夜(佐藤聡美)&シャロ(内田真礼)","ずっと一緒","95.903","453","89","95","87","98","84","67","30","5","0","4","8","5","23","5","0","71","59","59","47","完コピですね。原曲の細部まで再現されており、オリジナルと同等な歌唱と言えます。",
"2016-05-06 13:27:10","3707-81","ココア(佐倉綾音)&リゼ(種田梨沙)","Rabbit Hole","90.529","422","85","76","86","99","76","68","8","4","0","2","8","9","4.3","5","0","73","57","61","45","速いテンポに乗れていて、ピッタリのリズムで歌えてます。",
"2016-05-06 13:05:50","3707-80","ココア(佐倉綾音)&チノ(水瀬いのり)","全天候型いらっしゃいませ","95.906","449","86","86","89","98","90","68","41","5","0","5","9","8","24.2","5","0","72","59","60","47","すべてにおいて技術が光っています。胸を張って十八番と言えます。",
"2016-05-06 12:51:18","3705-82","Petit Rabbit's","日常デコレーション","98.199","465","88","91","94","94","98","77","34","5","1","9","8","8","17","6","0","72","56","60","44","ほぼ原曲通りに歌えています。優等生タイプですね。",
"2016-05-06 12:36:41","3750-99","チノ(水瀬いのり)","未来パズル","95.4","450","86","73","97","98","96","85","33","5","1","9","8","9","6.8","5","0","71","59","67","47","完コピですね。原曲の細部まで再現されており、オリジナルと同等な歌唱と言えます。",
"2016-05-06 12:21:28","3737-37","シャロ(内田真礼)","カフェインファイター","93.739","448","84","84","97","99","84","83","30","8","0","4","8","8","8.5","5","0","75","58","63","46","お手本のようなビブラートです。リズムにも難なく乗れています。",
"2016-05-06 12:06:20","3737-51","千夜(佐藤聡美)","月夜にお砂糖星","94.219","448","82","88","92","98","88","72","34","9","2","5","8","8","17.9","5","0","79","58","68","46","ビブラートの響きがとてもきれいです。最後まで安定していますね。",
"2016-05-06 11:51:23","3737-38","チマメ隊","ぴょん'sぷりんぷるん","90.639","429","85","77","81","98","88","60","12","6","1","6","8","8","14.7","5","0","77","56","65","44","ビブラートがリズムに乗り見事に調和しています。聴いていて楽しい気分になります。",
"2016-05-06 11:36:28","3710-67","チノ(水瀬いのり)&リゼ(種田梨沙)&シャロ(内田真礼)","VSマイペース?","93.302","446","82","88","89","99","88","72","7","2","2","5","8","9","16.5","5","0","72","55","69","45","ビブラートの響きがとてもきれいです。最後まで安定していますね。",
"2016-05-06 11:21:19","3202-09","水上麻衣(CV:富樫美鈴)","日常のまち","100","481","92","95","97","98","99","86","39","5","0","10","9","8","33.9","5","0","72","60","60","48","完ぺきの一言。プロレベルです。この調子で、ほかの曲も次々と制覇してみてください。",
"2016-05-06 11:05:47","3710-66","シャロ(内田真礼)","麗しのShooting star","95.194","463","82","94","90","99","98","70","29","3","2","9","8","8","18.9","5","0","73","57","71","45","完コピですね。原曲の細部まで再現されており、オリジナルと同等な歌唱と言えます。",
"2016-05-06 10:50:06","3710-84","千夜(佐藤聡美)","色葉おしながき","98.643","465","88","93","96","96","92","78","45","6","0","7","9","8","31","6","0","74","57","62","45","すべてにおいて技術が光っています。胸を張って十八番と言えます。",
"2016-05-06 10:34:26","3707-78","ココア(佐倉綾音)","スマイルメーカー","94.853","451","83","95","95","98","80","78","19","3","0","3","8","8","14","5","0","73","58","61","46","きれいに響き渡る声ですね。安心して聴くことができます。",
"2016-05-06 10:19:57","3707-79","ココア(佐倉綾音)","ハミングsoon!","92.792","439","85","84","82","96","92","61","35","6","1","4","9","9","26.9","5","0","74","59","62","47","惚れ惚れするようなビブラートです。この美しさをキープしましょう。",
"2016-05-06 10:06:13","3755-61","Machico","fantastic dreamer","93.168","436","85","92","82","99","78","62","31","4","1","2","8","8","20.8","5","0","74","59","64","47","ビブラートの響きがとてもきれいです。最後まで安定していますね。",
"2016-04-06 17:56:44","3202-09","水上麻衣(CV:富樫美鈴)","日常のまち","96.992","466","92","79","97","99","99","87","33","5","0","9","9","9","15","5","0","72","60","60","48","並外れた歌唱力ですね。音程のズレもほとんどありません。",
"2016-04-06 17:46:26","3707-79","ココア(佐倉綾音)","ハミングsoon!","98.43","469","91","87","93","99","99","76","41","4","1","9","9","9","23.5","5","0","74","59","62","47","並外れた歌唱力ですね。音程のズレもほとんどありません。",
"2016-04-06 17:38:09","3750-98","チノ(水瀬いのり)","魔法少女チノ","96.459","463","87","83","96","98","99","84","37","3","0","9","9","9","15.5","5","0","73","57","61","45","完コピですね。原曲の細部まで再現されており、オリジナルと同等な歌唱と言えます。",
"2016-04-06 17:28:13","3750-96","チノ(水瀬いのり)","そおっとブランケット","95.963","457","84","85","97","97","94","82","36","8","0","9","8","8","10.2","6","0","74","56","61","44","あっぱれというほかありません。ただただ感動するばかりです。理想的な歌声に脱帽です。",
"2016-04-06 17:20:26","3750-99","チノ(水瀬いのり)","未来パズル","95.841","454","88","81","97","98","90","84","39","7","1","10","5","8","6.4","5","0","71","59","59","47","すべてにおいて技術が光っています。胸を張って十八番と言えます。",
"2016-04-06 17:10:56","3483-62","千反田える(佐藤聡美)&伊原摩耶花(茅野愛衣)","君にまつわるミステリー","96.553","453","84","83","97","99","90","83","35","3","1","8","6","9","12.8","5","0","75","58","63","48","すべてにおいて技術が光っています。胸を張って十八番と言えます。",
"2016-04-06 17:00:22","3481-30","こだまさおり","未完成ストライド","91.907","437","84","79","94","98","82","74","28","6","3","5","6","10","6.6","5","0","72","55","62","43","堂々たる歌いっぷりですね。音程に不安なところがないか今一度チェックしてみましょう。",
"2016-04-06 16:49:34","3221-59","千反田える(佐藤聡美)&伊原摩耶花(茅野愛衣)","まどろみの約束","96.684","464","91","81","96","99","97","83","36","5","0","9","8","9","8.8","5","0","72","57","60","45","ほぼ原曲通りに歌えています。優等生タイプですね。",
"2016-04-06 16:39:34","3205-95","ChouCho(ちょうちょ)","優しさの理由","97.99","463","89","87","94","99","94","76","33","5","0","9","8","8","16.2","5","0","73","58","66","46","すべてにおいて技術が光っています。胸を張って十八番と言えます。",
"2016-04-06 16:29:57","7616-35","じん(自然の敵P) feat.IA","空想フォレスト","87.404","426","77","80","90","99","80","70","12","9","0","5","5","1","8.5","5","0","82","51","75","48","正しい音程で伸び伸びと歌えています。この調子で頑張りましょう。",
"2016-04-06 16:19:29","3202-09","水上麻衣(CV:富樫美鈴)","日常のまち","96.586","456","89","79","97","99","92","83","31","5","0","7","8","9","13.7","5","0","72","60","60","48","すべてにおいて技術が光っています。胸を張って十八番と言えます。",
"2016-04-06 16:10:40","3742-87","チマメ隊","ときめきポポロン♪","98.12","468","88","96","91","95","98","71","72","7","2","9","8","6","24.5","5","0","73","59","61","47","細かいところまで音程が取れています。安定感もありとても聴きやすい歌声です。",
"2016-04-06 16:01:21","3742-88","Petit Rabbit's","ノーポイッ!","96.955","474","84","98","97","98","97","82","31","5","0","9","9","9","13","5","0","74","59","62","45","あっぱれというほかありません。ただただ感動するばかりです。理想的な歌声に脱帽です。",
"2016-04-06 15:52:57","3700-38","チマメ隊","ぽっぴんジャンプ♪","94.839","451","84","87","93","99","88","74","30","5","0","5","9","9","11.2","5","0","71","57","69","45","ビブラートの腕はピカイチ。全体のメロディを把握して従来の音程に近づける努力を。",
"2016-04-06 15:43:27","3700-40","Petit Rabbit's","Daydream cafe","95.805","459","85","90","93","98","93","74","22","7","0","9","7","6","5.2","5","0","72","58","60","46","完コピですね。原曲の細部まで再現されており、オリジナルと同等な歌唱と言えます。",
"2016-04-06 15:32:32","3708-71","リゼ(種田梨沙)&シャロ(内田真礼)","Eを探す日常","95.887","454","85","98","84","89","98","64","32","6","0","8","9","9","10.8","5","0","81","60","81","48","細かいところまで音程が取れています。安定感もありとても聴きやすい歌声です。",
"2016-04-06 15:22:56","3202-09","水上麻衣(CV:富樫美鈴)","日常のまち","96.738","453","90","73","97","98","95","87","35","4","0","9","8","9","20.9","5","0","72","60","60","48","あっぱれというほかありません。ただただ感動するばかりです。理想的な歌声に脱帽です。",
"2016-04-06 15:11:07","3710-65","シャロ(内田真礼)","ときめきミルフィーユ","92.828","457","77","92","92","98","98","73","31","5","0","9","8","9","17","5","0","73","58","61","47","低音をおざなりに歌っていませんか？全体を通して丁寧に歌うよう心掛けて。",
"2016-04-06 15:00:15","3710-84","千夜(佐藤聡美)","色葉おしながき","98.158","469","87","91","94","98","99","76","44","6","0","9","9","9","23","5","0","74","57","72","45","最高のパフォーマンスですね。素晴らしい歌唱に酔いしれます。",
"2016-04-06 14:50:56","3708-86","千夜(佐藤聡美)&シャロ(内田真礼)","ずっと一緒","96.327","460","89","83","92","98","98","73","30","5","0","9","8","9","13.7","5","0","71","59","59","47","あっぱれというほかありません。ただただ感動するばかりです。理想的な歌声に脱帽です。",
"2016-04-06 14:41:45","3202-09","水上麻衣(CV:富樫美鈴)","日常のまち","97.426","465","92","81","96","98","98","82","39","5","0","9","8","9","17.2","5","0","72","60","60","48","難しい曲ながら、ほぼ理想的な音程で歌えています。安定感も備わっています。",
"2016-04-06 14:32:47","3707-83","リゼ(種田梨沙)","Love&Gun","92.049","439","82","87","89","98","83","67","26","10","0","4","8","9","13.3","5","0","73","57","65","46","抑揚が効いていて、気持ちのこもった歌声です。音程の精度を高めれば、高得点も狙えます。",
"2016-04-06 14:22:27","3707-78","ココア(佐倉綾音)","スマイルメーカー","94.912","456","81","88","95","98","94","80","16","3","0","9","8","8","7.2","5","0","73","58","61","46","音程は良く取れています。声のアクセントを少なくすれば得点も着実に上がります。",
"2016-04-06 14:12:05","3707-81","ココア(佐倉綾音)&リゼ(種田梨沙)","Rabbit Hole","92.527","430","86","67","83","99","95","65","5","7","0","8","8","9","2.9","5","0","73","57","62","45","音程は安定しています。慣れてきたらアレンジを入れてみてもいいかも。",
"2016-04-06 14:01:38","3202-09","水上麻衣(CV:富樫美鈴)","日常のまち","97.403","463","90","81","96","98","98","84","31","5","0","8","9","9","13.8","5","0","72","60","60","48","すべてにおいて技術が光っています。胸を張って十八番と言えます。",
"2016-04-06 13:51:22","3707-79","ココア(佐倉綾音)","ハミングsoon!","98.362","463","91","91","90","99","92","69","35","5","0","7","8","9","17.4","5","0","74","59","62","47","最高のパフォーマンスですね。素晴らしい歌唱に酔いしれます。",
"2016-04-06 13:40:40","3707-82","チノ(水瀬いのり)","a cup of happiness","96.418","454","86","87","94","98","89","76","38","7","0","7","7","9","13.7","5","0","72","57","67","47","最高のパフォーマンスですね。素晴らしい歌唱に酔いしれます。",
"2016-04-06 13:30:22","3707-80","ココア(佐倉綾音)&チノ(水瀬いのり)","全天候型いらっしゃいませ","96.269","453","88","83","91","99","92","71","37","5","0","7","8","9","12.1","5","0","72","59","60","47","完コピですね。原曲の細部まで再現されており、オリジナルと同等な歌唱と言えます。",
"2016-04-06 13:21:47","3202-09","水上麻衣(CV:富樫美鈴)","日常のまち","97.795","467","91","85","97","99","95","81","37","6","0","9","8","6","12.9","5","0","72","60","60","48","細かいところまで音程が取れています。安定感もありとても聴きやすい歌声です。",
"2016-04-06 13:10:18","3737-51","千夜(佐藤聡美)","月夜にお砂糖星","93.293","436","87","79","82","98","90","62","24","9","0","8","7","10","11.7","5","0","79","58","68","46","音程は良く取れています。ビブラートや長いフレーズも難なく歌えています。",
"2016-04-06 13:01:12","3710-66","シャロ(内田真礼)","麗しのShooting star","91.793","428","83","81","89","98","77","68","24","6","0","5","4","8","7.8","5","0","73","57","67","45","ナチュラルでメリハリある歌唱に惹きつけられます。曲の情景が思い浮かびますね。",
"2016-04-06 12:51:33","3202-09","水上麻衣(CV:富樫美鈴)","日常のまち","99.516","475","89","95","95","98","98","83","35","1","0","9","8","9","24.2","5","0","72","60","60","48","ほぼ原曲通りに歌えています。優等生タイプですね。",
"2016-04-06 12:42:35","3755-51","アクア(CV:雨宮天)、めぐみん(CV:高橋李依)、ダクネス(CV:茅野愛衣)","ちいさな冒険者","92.739","419","85","72","94","98","70","77","31","2","1","3","6","9","8.8","5","0","72","55","60","43","音感がありますね。音程の変化にも柔軟に対応できています。",
"2016-04-06 12:32:06","3755-61","Machico","fantastic dreamer","95.048","442","86","91","90","98","77","68","29","5","2","2","8","8","17.3","5","0","74","59","73","47","オリジナルに見事なほど忠実に歌えています。次はアレンジを入れてみてもいいかも。",
"2016-03-14 15:57:27","3202-09","水上麻衣(CV:富樫美鈴)","日常のまち","99.26","469","89","91","96","99","94","79","32","5","0","9","8","6","26","5","0","72","60","60","48","細かいところまで音程が取れています。安定感もありとても聴きやすい歌声です。",
"2016-03-14 15:47:24","3750-96","チノ(水瀬いのり)","そおっとブランケット","97.895","461","86","91","92","99","93","72","27","5","0","9","7","6","14.5","5","0","74","56","62","44","オリジナルに見事なほど忠実に歌えています。次はアレンジを入れてみてもいいかも。",
"2016-03-14 15:37:25","3481-30","こだまさおり","未完成ストライド","92.792","438","85","80","93","99","81","76","16","9","0","5","6","6","12","5","0","72","55","69","47","楽曲のテンポをとらえていて、良いリズム感で歌唱してますね。",
"2016-03-14 15:27:08","3202-09","水上麻衣(CV:富樫美鈴)","日常のまち","99.598","470","90","94","97","99","90","82","30","7","0","8","6","6","22","5","0","72","60","71","48","音程はほぼパーフェクト。圧巻の歌いっぷりですね。",
"2016-03-14 15:18:31","7604-49","40mP feat.初音ミク","トリノコシティ","93.546","437","85","83","85","99","85","64","14","8","0","5","7","6","10.1","5","0","75","54","63","46","自信を持った歌いっぷりですね。ビブラートやロングトーンのテクニックも取り入れてみては。",
"2016-03-14 15:08:45","7609-91","WhiteFlame feat.初音ミク","千本桜","97.105","458","87","91","91","99","90","77","12","0","0","8","7","6","11","5","0","76","55","62","43","オリジナルに見事なほど忠実に歌えています。次はアレンジを入れてみてもいいかも。",
"2016-03-14 15:00:35","3755-51","アクア(CV:雨宮天)、めぐみん(CV:高橋李依)、ダクネス(CV:茅野愛衣)","ちいさな冒険者","93.288","430","89","78","91","98","74","70","30","5","2","3","6","9","7.6","5","0","72","55","60","45","音程は安定しています。慣れてきたらアレンジを入れてみてもいいかも。",
"2016-03-14 14:51:26","3202-09","水上麻衣(CV:富樫美鈴)","日常のまち","99.175","467","90","90","94","99","94","76","32","5","0","9","7","6","25.3","5","0","72","60","60","48","すべてにおいて技術が光っています。胸を張って十八番と言えます。",
"2016-03-14 14:42:23","3205-95","ChouCho(ちょうちょ)","優しさの理由","95.255","442","88","85","86","97","86","65","18","5","0","5","7","6","17.9","5","0","73","58","61","47","最高のパフォーマンスですね。素晴らしい歌唱に酔いしれます。",
"2016-03-14 14:33:54","3750-98","チノ(水瀬いのり)","魔法少女チノ","94.596","430","88","86","87","99","70","66","24","5","1","2","6","6","14.6","5","0","73","57","61","45","きれいに響き渡る声ですね。安心して聴くことができます。",
"2016-03-14 14:24:29","3755-51","アクア(CV:雨宮天)、めぐみん(CV:高橋李依)、ダクネス(CV:茅野愛衣)","ちいさな冒険者","92.498","429","86","78","89","98","78","68","33","5","0","4","6","6","9.8","5","0","72","55","60","43","全体的に落ち着いた歌声です。もう少し感情を込めて歌うと曲に個性が出てきますよ。",
"2016-03-14 14:15:00","3202-09","水上麻衣(CV:富樫美鈴)","日常のまち","98.123","460","88","88","93","99","92","76","24","2","0","8","7","6","22.7","5","0","72","60","60","48","難しい曲ながら、ほぼ理想的な音程で歌えています。安定感も備わっています。",
"2016-03-14 14:06:20","3750-98","チノ(水瀬いのり)","魔法少女チノ","94.358","439","84","83","91","99","82","71","17","6","2","4","7","6","13","5","0","73","57","61","45","楽曲のテンポをとらえていて、良いリズム感で歌唱してますね。",
"2016-03-14 13:55:35","3205-95","ChouCho(ちょうちょ)","優しさの理由","93.703","436","86","84","86","99","81","67","12","2","0","5","6","5","16.2","5","0","73","58","61","46","全体的に声が良く出ていますね。次は音程の精度を上げアレンジを入れてもいいかも。",
"2016-03-14 13:43:51","3202-09","水上麻衣(CV:富樫美鈴)","日常のまち","94.796","441","88","81","92","98","82","73","15","6","0","5","6","6","23.2","5","0","72","60","60","48","音程の精度が高いですね。ほかの曲にもどんどん挑戦してみましょう。",
"2016-03-14 13:34:46","3750-99","チノ(水瀬いのり)","未来パズル","92.679","395","88","69","89","98","51","75","4","4","2","3","3","1","5.7","5","0","71","59","59","47","部屋全体に響き渡る声ですね。１つ１つの音が生き生きと聴こえてきます。",
"2016-03-11 17:55:32","1872-17","光GENJI","勇気100%","90.588","421","81","77","90","93","80","67","22","7","4","5","5","1","14.6","5","0","66","50","66","50","サビでの音が下がり気味です。音程をしっかりキープして、見せ場を作りましょう。",
"2016-03-11 17:50:09","3700-40","Petit Rabbit's","Daydream cafe","92.914","432","87","78","87","99","81","73","1","6","1","6","5","1","13.6","5","0","72","58","67","48","短いイントロながら出だしのタイミングが神業のように完ぺきでした。",
"2016-03-11 17:41:05","3708-86","千夜(佐藤聡美)&シャロ(内田真礼)","ずっと一緒","93.939","433","89","76","88","99","81","68","30","9","1","6","5","2","23.9","5","0","71","59","59","47","低音域が決まっていますね。この調子で渋めの曲にどんどん挑戦を。",
"2016-03-11 17:32:12","4329-04","AMOYAMO","LET'S GO OUT","93.74","434","90","80","87","99","78","65","28","10","1","5","5","1","14.6","5","0","74","55","62","46","音程はほぼ完ぺきです。楽しんで歌っている様子が伝わってきます。",
"2016-03-11 17:22:45","3699-37","鈴木このみ","This game","92.416","431","86","78","84","99","84","63","31","10","0","7","5","1","16.2","5","0","77","59","65","47","音程がきちんと取れています。ファルセットもきれいに出ていますよ。",
"2016-03-11 17:13:23","3737-31","Petit Rabbit's","宝箱のジェットコースター","92.022","431","85","80","83","98","85","63","17","8","1","6","6","1","20.4","5","0","73","59","65","47","音程は安定しています。慣れてきたらアレンジを入れてみてもいいかも。",
"2016-03-11 17:03:20","3481-30","こだまさおり","未完成ストライド","91.604","421","83","76","90","93","79","70","13","12","1","7","4","1","9.4","5","0","72","55","67","43","リズム感がありますね。あとは音程に注意すれば完ぺきです。",
"2016-03-11 16:53:06","3742-87","チマメ隊","ときめきポポロン♪","93.908","424","84","68","92","96","84","71","31","7","2","7","5","1","15.9","5","0","73","59","61","47","心に伝わる澄み切ったキレイな歌声ですね。長く続く余韻に気持ちが穏やかになりました。",
"2016-03-11 16:43:55","7615-80","Last Note. feat.GUMI","セツナトリップ","89.265","415","79","77","87","99","73","67","10","11","1","3","5","1","5.1","5","0","79","56","67","48","うろ覚えの個所があるようです。気になるところを集中的に繰り返し練習してみましょう。",
"2016-03-11 16:35:39","7616-29","kemu feat.IA","六兆年と一夜物語","94.275","385","88","86","95","98","18","84","12","12","0","0","2","1","2","5","0","78","57","66","45","正確な音程で歌えています。文句なしの仕上がりですね。",
"2016-03-11 16:27:19","3750-98","チノ(水瀬いのり)","魔法少女チノ","96.169","451","86","85","95","99","86","82","13","4","0","6","6","1","19.1","5","0","73","57","61","45","最高のパフォーマンスですね。素晴らしい歌唱に酔いしれます。",
"2016-03-11 16:16:37","3750-93","チノ(水瀬いのり)","かえりみちスキップ","94.336","440","91","80","81","99","89","60","25","5","0","9","5","1","24.6","5","0","71","59","59","47","ビブラートを器用に駆使していますね。音程もほぼ完ぺきです。",
"2016-03-11 16:06:57","3750-96","チノ(水瀬いのり)","そおっとブランケット","93.618","429","87","76","93","99","74","75","26","4","0","5","4","1","12.1","5","0","74","56","62","44","リズムに乗っていますね。この調子で練習を重ねれば点数アップも望めます。",
"2016-03-11 15:47:56","3750-97","チノ(水瀬いのり)","出かけましょうと答えましょう","92.561","428","86","78","86","99","79","70","2","3","1","6","4","1","12.2","5","0","73","59","61","47","リズムが正確ですね。調子が一定にならないよう、感情を込めてみましょう。",
"2016-03-11 15:35:17","3750-99","チノ(水瀬いのり)","未来パズル","94.717","426","85","59","90","99","93","71","12","5","0","9","7","10","3.2","5","0","71","59","64","47","歌声の揺らし方がデリケートで完成度が高いです。思わず心を奪われました。",
"2016-03-11 15:02:34","3710-70","リゼ(種田梨沙)","夢見るアプレミディ","92.447","427","83","75","89","99","81","69","14","6","1","5","5","1","10.9","5","0","72","54","66","46","堂々たる歌いっぷりですね。音程に不安なところがないか今一度チェックしてみましょう。",
"2016-03-11 14:49:15","3707-78","ココア(佐倉綾音)","スマイルメーカー","91.188","421","82","79","88","97","75","73","2","6","0","6","3","12","4.5","5","0","73","58","68","48","ナチュラルでメリハリある歌唱に惹きつけられます。曲の情景が思い浮かびますね。",
"2016-03-11 14:34:50","3737-19","学園生活部[丈槍由紀(水瀬いのり)、恵飛須沢胡桃(小澤亜李)、若狭悠里(M・A・O)、直樹美紀(高橋李依)]","ふ・れ・ん・ど・し・た・い","90.464","405","86","68","80","99","72","59","13","10","0","3","5","12","9.8","5","0","72","60","60","48","心に伝わる澄み切ったキレイな歌声ですね。長く続く余韻に気持ちが穏やかになりました。",
"2016-03-11 14:19:47","3742-88","Petit Rabbit's","ノーポイッ!","91.662","416","88","77","82","99","70","65","3","10","0","4","4","1","9.7","5","0","74","59","62","47","サビはよく歌えています。ほかはややフラット気味なので気持ち高めに歌ってみましょう。",
"2016-03-11 14:03:18","3202-09","水上麻衣(CV:富樫美鈴)","日常のまち","94.493","440","88","79","92","99","82","75","10","7","1","5","6","1","18.4","5","0","72","60","60","50","全体的に、ややクールに歌ってみましょう。自然な曲運びになります。",
"2016-03-11 13:48:40","3755-51","アクア(CV:雨宮天)、めぐみん(CV:高橋李依)、ダクネス(CV:茅野愛衣)","ちいさな冒険者","94.896","439","85","75","97","98","84","84","19","2","4","6","6","1","10.3","5","0","72","55","60","43","音程は安定しています。慣れてきたらアレンジを入れてみてもいいかも。",
"2016-03-11 13:34:53","3755-61","Machico","fantastic dreamer","90.424","421","83","75","81","99","83","63","4","7","2","8","4","1","9.3","5","0","74","59","73","47","長いフレーズも音程がブレることなく上手に歌いこなせています。",
"2016-03-11 13:19:21","3221-59","千反田える(佐藤聡美)&伊原摩耶花(茅野愛衣)","まどろみの約束","93.881","427","87","76","93","93","78","77","12","6","0","7","4","1","12.2","5","0","72","57","60","45","サビはよく歌えています。ほかはややフラット気味なので気持ち高めに歌ってみましょう。",
"2016-03-11 13:03:50","3205-95","ChouCho(ちょうちょ)","優しさの理由","96.168","449","92","83","91","99","84","80","7","3","2","8","4","1","17.9","5","0","73","58","61","46","完コピですね。原曲の細部まで再現されており、オリジナルと同等な歌唱と言えます。",
"2016-03-11 12:53:25","5525-01","国歌","君が代","91.342","385","89","51","69","88","88","53","3","0","0","7","6","1","19.3","7","0","62","48","62","48","リズムをタメ気味に歌うことで曲に深みが感じられました。音程もよく取れていますよ。",
"2016-02-06 17:45:16","3063-45","はかせ(CV:今野宏美)&東雲なの(CV:古谷静佳)&阪本さん(CV:白石稔)","東雲研究所の、今日も平和です","90.019","429","82","77","86","99","85","68","5","7","1","9","3","13","2.1","5","0","81","50","81","50","拍子の取り方が優れてますね。音程の精度が上がれば、もっと上手になりますよ。",
"2016-02-06 17:27:47","3146-95","水上麻衣(CV:富樫美鈴)","麻衣の涙の阿弥陀如来","93.002","436","89","81","91","92","83","79","1","5","2","6","6","1","20.5","5","0","72","57","65","45","曲に忠実に歌えば、より自然な仕上がりになりますよ。",
"2016-02-06 17:15:51","3146-98","相生祐子(CV:本多真梨子)","ゆっこのスラマッパギだよ人生は","90.012","415","83","76","86","88","82","68","0","8","2","9","2","1","3.1","5","0","79","58","75","48","ビブラートがやや荒々しいです。一音一音を丹念に発声すれば繊細な歌声に仕上がります。",
"2016-02-06 16:57:10","3153-08","長野原みお(CV:相沢舞)","みおのカプってカプって萌えちぎれ","89.827","425","84","89","82","79","91","64","2","9","2","8","7","4","13.1","5","0","76","46","72","46","声に張りがあり強弱も程良く付いています。説得力のある歌声ですね。",
"2016-02-06 16:44:09","3146-89","阪本さん(CV:白石稔)","阪本さんのニャーというとでも思ったか","92.264","436","81","78","88","99","90","68","5","15","10","9","6","1","13.8","5","0","69","43","69","45","ナチュラルでメリハリある歌唱に惹きつけられます。曲の情景が思い浮かびますね。",
"2016-02-06 16:28:40","3146-62","はかせ(CV:今野宏美)","はかせの好きなのなの","90.607","415","87","78","84","88","78","68","0","0","3","5","4","1","2.7","5","0","78","60","72","48","ビブラートに乱れがあります。声を出し切るように自信を持って発声しましょう。",
"2016-02-06 16:13:25","3153-09","東雲なの(CV:古谷静佳)","なののネジ回しラプソディ","92.362","432","84","81","89","99","79","77","2","0","0","7","4","1","10.9","5","0","74","57","62","45","声に強弱をつけすぎて、やや不自然に聴こえます。手元からマイクを離しすぎないように。",
"2016-02-06 15:58:30","3202-09","水上麻衣(CV:富樫美鈴)","日常のまち","96.057","450","88","82","91","99","90","82","2","1","2","9","5","1","11.8","5","0","72","60","60","48","オリジナルに見事なほど忠実に歌えています。次はアレンジを入れてみてもいいかも。",
"2016-02-06 15:48:50","3755-51","アクア(CV:雨宮天)、めぐみん(CV:高橋李依)、ダクネス(CV:茅野愛衣)","ちいさな冒険者","91.61","419","93","81","82","78","85","65","1","2","2","8","4","1","10.6","5","0","72","55","69","48","音程は安定しています。慣れてきたらアレンジを入れてみてもいいかも。",
"2016-02-06 15:33:44","3699-37","鈴木このみ","This game","92.671","432","87","81","82","99","83","62","13","14","0","7","5","1","19.6","5","0","77","59","74","47","楽曲のテンポをとらえていて、良いリズム感で歌唱してますね。",
"2016-02-06 15:23:20","3310-95","マイサンシャイン(高垣彩陽) meets スフィア","dear-dear DREAM","93.677","437","86","85","81","99","86","65","2","2","1","7","5","1","10.5","5","0","73","57","67","45","正しい音程で伸び伸びと歌えています。この調子で頑張りましょう。",
"2016-02-06 15:05:51","4329-04","AMOYAMO","LET'S GO OUT","92.792","427","89","76","84","98","80","63","6","7","4","6","5","1","10.4","5","0","74","55","70","46","音程はほぼ完ぺきです。楽しんで歌っている様子が伝わってきます。",
"2016-02-06 14:34:28","3483-62","千反田える(佐藤聡美)&伊原摩耶花(茅野愛衣)","君にまつわるミステリー","93.976","438","87","84","81","99","87","63","6","3","0","8","5","1","17.7","5","0","75","58","64","46","低音が非常に良く出ています。このレベルをキープしましょう。",
"2016-02-06 14:25:18","3481-30","こだまさおり","未完成ストライド","89.06","408","84","77","77","99","71","59","3","11","0","4","4","1","11.3","5","0","72","55","67","47","リズムに乗っていますね。この調子で練習を重ねれば点数アップも望めます。",
"2016-02-06 14:05:49","3221-59","千反田える(佐藤聡美)&伊原摩耶花(茅野愛衣)","まどろみの約束","94.542","439","89","77","86","99","88","67","11","2","0","9","5","1","12.9","5","0","72","57","67","45","低音から高音に至るまで難なく歌いこなせています。その声域は努力のたまもの？",
"2016-02-06 13:50:40","3755-61","Machico","fantastic dreamer","90.554","417","84","77","71","99","86","51","3","9","3","7","6","1","19.8","5","0","74","59","71","47","キレイなビブラートですね。リズムの取り方も絶妙で、清々しい心地になります。",
"2016-02-06 13:34:57","3205-95","ChouCho(ちょうちょ)","優しさの理由","93.948","438","89","80","82","98","89","64","2","4","3","9","5","1","15.5","5","0","73","58","61","46","自信を持った歌いっぷりですね。ビブラートやロングトーンのテクニックも取り入れてみては。",
"2016-02-06 13:32:30","5525-01","国歌","君が代","93.557","412","93","59","73","98","89","56","3","1","0","9","5","1","15.1","5","0","62","48","62","48","音程は完ぺきに近いです。あとはビブラートの技術を磨けば、鬼に金棒ですよ。",
"2016-02-04 17:47:12","3699-92","sweet ARMS","Trust in you","90.106","423","81","75","88","98","81","71","2","11","1","5","6","1","15.7","5","0","76","57","69","47","楽曲のテンポをとらえていて、良いリズム感で歌唱してますね。",
"2016-02-04 17:33:05","3618-96","sweet ARMS","デート・ア・ライブ","91.851","428","84","79","88","97","80","72","1","4","1","6","4","1","6.4","5","0","74","60","70","48","曲間での長いシャウトが効果的。曲への熱い思いがひしひしと感じられます。",
"2016-02-04 17:18:58","3699-37","鈴木このみ","This game","91.629","430","86","82","83","96","83","64","7","19","1","6","5","1","17.8","5","0","77","59","69","48","ナチュラルでメリハリある歌唱に惹きつけられます。曲の情景が思い浮かびますね。",
"2016-02-04 17:04:30","7614-24","kemu feat.GUMI","イカサマライフゲイム","89.133","427","78","84","88","98","79","70","8","7","0","4","6","2","2.6","5","0","81","53","71","48","リズム感がありますね。あとは音程に注意すれば完ぺきです。",
"2016-02-04 16:50:01","7611-93","ひとしずく×やま△ feat.初音ミク、鏡音リン・鏡音レン、巡音ルカ、KAITO、MEIKO、GUMI、神威がくぽ","Bad∞End∞Night","88.335","427","81","79","80","99","88","62","3","7","0","8","6","1","1.1","5","0","81","45","69","47","歌う前にまずは深呼吸を。落ち着いて旋律に耳を傾ける余裕が出てきます。",
"2016-02-04 16:35:47","3023-08","佐咲紗花","Zzz","91.884","430","86","79","88","94","83","70","1","8","3","7","5","1","7.6","5","0","74","58","72","48","低音から高音に至るまで難なく歌いこなせています。その声域は努力のたまもの？",
"2016-02-04 16:22:21","3690-52","桜井先生(CV:小菅真美)","桜井先生のドキドキ生徒指導","89.497","420","81","78","87","99","75","69","3","11","0","5","4","10","8.4","5","0","75","57","71","48","ノリがいいですね。シャウトもなかなか決まっていますよ。",
"2016-02-04 16:08:50","3202-09","水上麻衣(CV:富樫美鈴)","日常のまち","93.861","440","88","84","86","98","84","70","0","7","1","7","5","1","14.8","5","0","72","60","60","48","リズムに乗っていますね。この調子で練習を重ねれば点数アップも望めます。",
"2016-02-04 15:55:53","3202-26","立花みさと(CV:堀川千華)","みさとの学校生活は爆発だっ!!","88.722","391","86","85","73","81","66","54","1","15","1","3","4","12","2.8","5","0","72","60","70","51","決めるところはきっちり決まってます。できればサビ以外も焦らず丁寧に。",
"2016-02-04 15:42:24","3185-89","笹原幸治郎(CV:川原慶久)","笹原のコジロウポルカ","89.159","411","85","76","82","78","90","65","0","6","1","9","5","10","3.6","5","0","65","50","65","50","出だしがフライング気味です。体でリズムを取りタイミングをつかみましょう。",
"2016-02-04 15:28:16","3146-95","水上麻衣(CV:富樫美鈴)","麻衣の涙の阿弥陀如来","90.063","412","89","74","85","82","82","68","4","4","2","7","5","13","14.7","5","0","72","57","71","52","正確な音程で歌えています。文句なしの仕上がりですね。",
"2016-02-04 15:13:31","3146-98","相生祐子(CV:本多真梨子)","ゆっこのスラマッパギだよ人生は","88.08","417","81","78","82","86","90","64","1","11","0","9","5","2","1.6","5","0","79","58","71","48","サビは問題ないのですがそれ以外で焦りが感じられます。リズムに合わせる努力を。",
"2016-02-04 14:53:42","3153-08","長野原みお(CV:相沢舞)","みおのカプってカプって萌えちぎれ","91.736","432","80","84","95","86","87","79","11","11","0","8","5","1","8.9","5","0","76","46","74","46","声に強弱をつけすぎて、やや不自然に聴こえます。手元からマイクを離しすぎないように。",
"2016-02-04 14:43:46","3146-89","阪本さん(CV:白石稔)","阪本さんのニャーというとでも思ったか","89.276","421","80","76","86","99","80","66","4","18","8","7","4","1","12.4","5","0","69","43","65","46","歌う前にまずは深呼吸を。落ち着いて旋律に耳を傾ける余裕が出てきます。",
"2016-02-04 14:30:01","3146-62","はかせ(CV:今野宏美)","はかせの好きなのなの","90.834","415","87","77","82","91","78","64","0","6","4","5","5","1","4.7","5","0","78","60","64","48","ビブラートに乱れがあります。声を出し切るように自信を持って発声しましょう。",
"2016-02-04 14:15:27","3153-09","東雲なの(CV:古谷静佳)","なののネジ回しラプソディ","92.756","434","86","80","86","99","83","71","1","4","1","7","4","12","12.9","5","0","74","57","67","45","リズムに乗っていますね。この調子で練習を重ねれば点数アップも望めます。",
"2016-02-04 14:02:36","3063-45","はかせ(CV:今野宏美)&東雲なの(CV:古谷静佳)&阪本さん(CV:白石稔)","東雲研究所の、今日も平和です","91.789","434","82","80","89","99","84","75","3","12","0","7","5","1","1.7","5","0","81","50","74","50","リズムが正確ですね。調子が一定にならないよう、感情を込めてみましょう。",
"2016-02-04 13:49:38","3063-62","相生祐子(CV:本多真梨子)&長野原みお(CV:相沢舞)&水上麻衣(CV:富樫美鈴)","ゆっこ・みお・麻衣の スチャラカ三人衆","88.134","410","82","78","76","99","75","58","0","8","0","3","6","1","11.7","5","0","82","57","73","48","全体的にやや空回りの傾向が。深呼吸をし、気持ちを落ち着かせて歌いましょう。",
"2016-02-04 13:35:53","3065-08","ヒャダイン","ヒャダインのじょーじょーゆーじょー","87.965","383","79","72","87","99","46","69","0","17","4","2","3","1","1.2","5","0","76","48","74","48","リズムが正確ですね。調子が一定にならないよう、感情を込めてみましょう。",
"2016-02-04 13:22:27","3017-30","ヒャダイン","ヒャダインのカカカタ☆カタオモイ-C","89.852","431","80","82","88","99","82","71","5","9","2","9","3","10","4","5","0","74","48","74","48","自信を持った歌いっぷりですね。ビブラートやロングトーンのテクニックも取り入れてみては。",
"2016-02-04 13:09:20","3737-31","Petit Rabbit's","宝箱のジェットコースター","89.627","418","83","77","77","99","82","59","1","5","1","6","5","1","16.4","5","0","73","59","69","47","リズム感がありますね。あとはメロディを正確につかみ本来の音程に近づけましょう。",
"2016-02-04 12:54:28","3742-87","チマメ隊","ときめきポポロン♪","91.608","418","84","68","87","97","82","69","4","6","4","7","5","1","15.7","5","0","73","59","72","48","速いテンポに乗れていて、ピッタリのリズムで歌えてます。",
"2016-02-04 12:40:53","3742-88","Petit Rabbit's","ノーポイッ!","89.332","424","83","80","84","98","79","65","1","12","2","4","6","1","7.1","5","0","74","59","69","47","全体的に声が良く出ていますね。次は音程の精度を上げアレンジを入れてもいいかも。",
"2016-02-04 12:22:51","3700-38","チマメ隊","ぽっぴんジャンプ♪","92.794","428","85","83","88","93","79","73","2","3","0","4","5","1","9.6","5","0","71","57","69","47","力の入れ具合が程良く自然な抑揚が取れていて聴き心地が最高です。",
"2016-02-04 12:13:23","3700-40","Petit Rabbit's","Daydream cafe","92.925","438","86","88","82","98","84","66","2","2","1","6","6","1","12.8","5","0","72","58","72","46","音程がきちんと取れています。ファルセットもきれいに出ていますよ。",
"2016-02-04 11:59:43","3755-51","アクア(CV:雨宮天)、めぐみん(CV:高橋李依)、ダクネス(CV:茅野愛衣)","ちいさな冒険者","89.539","396","83","77","86","94","56","70","3","1","0","3","3","12","6.1","5","0","72","55","69","45","サビはよく歌えています。ほかはややフラット気味なので気持ち高めに歌ってみましょう。",
"2016-02-04 11:43:27","3755-61","Machico","fantastic dreamer","91.013","423","84","79","71","98","91","51","2","14","3","9","6","1","7.4","5","0","74","59","69","47","堂々たる歌いっぷりですね。音程に不安なところがないか今一度チェックしてみましょう。",
"2016-02-04 11:27:55","4329-04","AMOYAMO","LET'S GO OUT","91.333","423","85","76","84","99","79","63","6","8","4","5","4","1","8.2","5","0","74","55","70","46","キレイなビブラートですね。リズムの取り方も絶妙で、清々しい心地になります。",
"2016-02-04 11:12:31","3310-95","マイサンシャイン(高垣彩陽) meets スフィア","dear-dear DREAM","91.126","433","83","80","81","99","90","64","3","5","0","9","6","1","10.8","5","0","73","57","67","47","出だしの音程は完ぺき。高音もきれいに出ています。その調子で最後まで丹念に歌いましょう。",
"2016-02-04 10:57:52","3483-62","千反田える(佐藤聡美)&伊原摩耶花(茅野愛衣)","君にまつわるミステリー","91.283","426","85","81","80","99","81","61","8","5","0","6","5","1","18.1","5","0","75","58","68","48","隅々に広がり、細部に伝わる歌声が心にも響きます。耳を奪われ、惚れ惚れしました。",
"2016-02-04 10:43:13","3481-30","こだまさおり","未完成ストライド","89.914","411","81","60","87","99","84","70","6","6","0","7","5","1","9.4","5","0","72","55","72","43","リズムが正確ですね。調子が一定にならないよう、感情を込めてみましょう。",
"2016-02-04 10:25:54","3221-59","千反田える(佐藤聡美)&伊原摩耶花(茅野愛衣)","まどろみの約束","90.381","410","83","78","85","97","67","66","7","3","3","4","4","1","17.8","5","0","72","57","70","45","部屋全体に響き渡る声ですね。１つ１つの音が生き生きと聴こえてきます。",
"2016-02-04 10:12:06","3205-95","ChouCho(ちょうちょ)","優しさの理由","93.967","437","87","79","86","98","87","69","3","9","1","9","4","1","14.5","5","0","73","58","61","46","心に伝わる澄み切ったキレイな歌声ですね。長く続く余韻に気持ちが穏やかになりました。",
"2016-02-04 10:03:53","5525-01","国歌","君が代","91.695","425","84","78","80","98","85","64","2","2","0","7","6","4","16.8","5","0","62","48","62","50","サビの音程に力を入れて練習してみましょう。ポイントアップにつながります。",
"2015-12-16 17:38:53","4329-04","AMOYAMO","LET'S GO OUT","94.048","435","88","85","74","98","90","52","5","12","2","9","6","1","15.5","5","0","74","55","62","43","心に伝わる澄み切ったキレイな歌声ですね。長く続く余韻に気持ちが穏やかになりました。",
"2015-12-16 17:18:29","7604-49","40mP feat.初音ミク","トリノコシティ","92.749","434","88","85","77","98","86","59","2","10","0","9","4","1","11","5","0","75","54","68","46","心に伝わる澄み切ったキレイな歌声ですね。長く続く余韻に気持ちが穏やかになりました。",
"2015-12-16 16:54:59","7616-29","kemu feat.IA","六兆年と一夜物語","92.054","397","88","91","78","99","41","60","7","11","0","0","5","4","7.6","5","0","78","57","66","50","音程は安定しています。慣れてきたらアレンジを入れてみてもいいかも。",
"2015-12-16 16:30:52","3700-38","チマメ隊","ぽっぴんジャンプ♪","89.255","409","86","77","76","98","72","59","5","3","1","7","2","12","1.9","5","0","71","57","71","47","細かなメロディの変化にも柔軟に対応できています。ハイレベルな仕上がりですね。",
"2015-12-16 16:04:59","3700-40","Petit Rabbit's","Daydream cafe","89.025","396","85","76","67","98","70","49","0","4","0","4","4","1","6.5","5","0","72","58","68","46","音程は安定しています。慣れてきたらアレンジを入れてみてもいいかも。",
"2015-12-16 15:39:40","3202-26","立花みさと(CV:堀川千華)","みさとの学校生活は爆発だっ!!","90.024","397","86","81","56","84","90","36","0","9","1","9","6","5","1.6","5","0","72","60","60","48","歌い方がやや一本調子です。メリハリをつけると歌に表情が出てきますよ。",
"2015-12-16 15:13:34","3185-89","笹原幸治郎(CV:川原慶久)","笹原のコジロウポルカ","85.728","364","83","49","72","83","77","52","1","6","3","5","4","1","6.9","5","0","65","50","65","51","歌う前にまずは深呼吸を。落ち着いて旋律に耳を傾ける余裕が出てきます。",
"2015-12-16 14:47:19","3146-95","水上麻衣(CV:富樫美鈴)","麻衣の涙の阿弥陀如来","86.96","405","83","73","73","99","77","55","0","6","0","6","3","2","1.6","5","0","72","57","72","45","リズムに乗っていますね。この調子で練習を重ねれば点数アップも望めます。",
"2015-12-16 14:25:25","3146-98","相生祐子(CV:本多真梨子)","ゆっこのスラマッパギだよ人生は","83.43","369","80","75","78","75","61","59","1","4","2","2","5","11","1","4","0","79","58","79","58","決めるところはきっちり決まってます。できればサビ以外も焦らず丁寧に。",
"2015-12-16 13:57:57","3153-08","長野原みお(CV:相沢舞)","みおのカプってカプって萌えちぎれ","86.832","422","79","82","81","96","84","62","8","5","1","6","6","1","12.2","5","0","76","46","72","48","長いフレーズに続くビブラートの耳触りがとても心地良いです。テクニックが際立っていますね。",
"2015-12-16 13:33:37","3146-89","阪本さん(CV:白石稔)","阪本さんのニャーというとでも思ったか","87.081","403","79","61","84","99","80","63","6","15","6","6","4","1","15.3","5","0","69","43","66","43","堂々たる歌いっぷりですね。音程に不安なところがないか今一度チェックしてみましょう。",
"2015-12-16 13:10:19","3146-62","はかせ(CV:今野宏美)","はかせの好きなのなの","92.823","435","86","84","82","94","89","64","1","3","2","9","5","12","1.5","5","0","78","60","72","48","リズムに乗っていますね。この調子で練習を重ねれば点数アップも望めます。",
"2015-12-16 12:48:17","3153-09","東雲なの(CV:古谷静佳)","なののネジ回しラプソディ","90.315","417","87","78","78","98","76","60","1","3","0","6","4","1","6.3","5","0","74","57","62","45","音程の精度が高いですね。ほかの曲にもどんどん挑戦してみましょう。",
"2015-12-16 11:42:05","3893-49","Aaron Tveit/Eddie Redmayne/Students/Les Miserables Cast","Do You Hear The People Sing? [民衆の歌]","78.229","356","69","57","75","98","57","57","7","2","1","2","4","2","2.8","5","0","67","45","67","45","リズムに乗っていますね。この調子で練習を重ねれば点数アップも望めます。",
"2015-12-16 11:38:23","5525-01","国歌","君が代","88.046","367","82","41","72","99","73","55","3","3","0","4","4","5","29.8","5","0","62","48","62","50","曲の流れはある程度つかめています。全体の旋律を把握すればよりナチュラルな仕上がりに。",
"2015-11-02 17:58:12","3318-03","supercell","君の知らない物語(生音)","78.589","380","69","63","81","93","74","59","17","14","1","4","5","1","14","6","0","74","57","73","45","もう少しリズムに乗って歌ってみましょう。音程の精度も上がるはずです。",
"2015-11-02 17:48:34","3692-76","中島みゆき","地上の星(生音)","75.37","329","67","38","69","93","62","46","16","4","5","2","5","1","10","6","0","70","53","70","53","ところどころに音程のズレがみられます。旋律を注意深く聴き軌道修正をしましょう。",
"2015-11-02 17:25:14","7616-29","kemu feat.IA","六兆年と一夜物語","91.132","400","86","90","72","98","54","54","6","14","0","0","6","1","9.4","5","0","78","57","66","47","細かいところまで音程が取れています。安定感もありとても聴きやすい歌声です。",
"2015-11-02 16:50:00","4383-18","シング・アウト","涙をこえて","89.076","336","86","4","74","98","74","54","3","14","4","6","3","1","9.4","5","0","65","46","65","46","音程は安定しています。慣れてきたらアレンジを入れてみてもいいかも。",
"2015-11-02 16:41:22","7606-06","wowaka feat.初音ミク","アンハッピーリフレイン","81.729","291","77","46","66","97","5","45","14","22","0","0","0","12","0.5","6","0","84","64","79","50","うろ覚えの個所があるようです。気になるところを集中的に繰り返し練習してみましょう。",
"2015-11-02 16:21:19","2887-03","井上あずみ","君をのせて","87.491","371","82","43","86","97","63","65","10","7","1","4","3","10","3.6","6","0","75","58","71","46","長短のシャウトを上手に使い分けていますね。まるで本物を見ているようです。",
"2015-11-02 16:16:56","3700-40","Petit Rabbit's","Daydream cafe","82.503","380","76","68","76","99","61","56","2","17","2","3","4","2","2.4","5","0","72","58","72","50","リズム感がありますね。あとは音程に注意すれば完ぺきです。",
"2015-11-02 15:44:49","3310-95","マイサンシャイン(高垣彩陽) meets スフィア","dear-dear DREAM","90.234","424","84","82","77","98","83","58","10","3","1","7","5","1","11.4","5","0","73","57","61","45","うろ覚えの個所があるようです。気になるところを集中的に繰り返し練習してみましょう。",
"2015-11-02 14:43:44","7611-93","ひとしずく×やま△ feat.初音ミク、鏡音リン・鏡音レン、巡音ルカ、KAITO、MEIKO、GUMI、神威がくぽ","Bad∞End∞Night","86.938","379","80","76","83","99","41","66","3","4","0","1","3","11","1.1","5","0","81","45","77","45","上下の奥歯のスペースを広げる感じで、声を出してみましょう。高音も出しやすくなりますよ。",
"2015-11-02 14:29:28","7605-55","YM feat.GUMI","十面相","88.505","392","85","76","59","94","78","42","5","1","0","8","2","1","1.1","5","0","79","57","62","45","速いテンポに乗れていて、ピッタリのリズムで歌えてます。",
"2015-11-02 14:08:26","7612-30","kemu feat.GUMI・鏡音リン","インビジブル","86.35","323","83","38","83","83","36","66","5","14","0","0","4","11","1.1","5","0","83","58","78","53","途中で息苦しくなりませんか？吐く息を一定に保てば最後まで楽に歌えますよ。",
"2015-11-02 13:34:56","3699-37","鈴木このみ","This game","88.147","391","83","58","78","98","74","58","8","17","2","3","6","1","6.5","5","0","77","59","66","47","堂々たる歌いっぷりですね。音程に不安なところがないか今一度チェックしてみましょう。",
"2015-11-02 13:05:45","4329-04","AMOYAMO","LET'S GO OUT","89.702","395","86","66","69","97","77","44","21","9","7","4","5","10","5.9","6","0","74","55","67","44","特徴的なビブラートで感情の高まりが伝わってきます。引き込まれるような歌声ですね。",
"2015-11-02 12:44:28","2908-89","彩音","DOLPHIN☆JET","90.03","394","85","69","67","90","83","48","7","5","0","8","4","2","4.6","5","0","76","59","64","47","隅々に広がり、細部に伝わる歌声が心にも響きます。耳を奪われ、惚れ惚れしました。",
"2015-11-02 12:28:13","3700-38","チマメ隊","ぽっぴんジャンプ♪","87.67","379","82","55","73","99","70","55","6","3","1","6","3","12","2","5","0","71","57","69","45","部屋全体に響き渡る声ですね。１つ１つの音が生き生きと聴こえてきます。",
"2015-11-02 12:14:23","3700-40","Petit Rabbit's","Daydream cafe","91.454","442","79","91","77","98","97","59","3","10","0","9","8","1","2.5","5","0","72","58","72","46","音程は良く取れています。ビブラートや長いフレーズも難なく歌えています。",
"2015-11-02 11:55:55","3065-08","ヒャダイン","ヒャダインのじょーじょーゆーじょー","84.099","366","76","63","82","99","46","64","4","18","0","1","4","1","1.7","5","0","76","48","76","41","リズムに乗っていますね。この調子で練習を重ねれば点数アップも望めます。",
"2015-11-02 11:02:09","3023-08","佐咲紗花","Zzz","87.488","397","81","73","76","93","74","58","4","10","1","4","5","1","7","6","0","74","58","62","46","息苦しいときがありませんか。高音域では、リズムにあわせて勢いよく発声をしてみましょう。",
"2015-11-02 10:43:32","3737-19","学園生活部[丈槍由紀(水瀬いのり)、恵飛須沢胡桃(小澤亜李)、若狭悠里(M・A・O)、直樹美紀(高橋李依)]","ふ・れ・ん・ど・し・た・い","83.388","391","77","61","75","98","80","55","12","13","0","6","4","4","5.9","5","0","72","60","65","48","サビはよく歌えています。ほかはややフラット気味なので気持ち高めに歌ってみましょう。",
"2015-11-02 10:28:46","1190-27","Michael Jackson","Man In The Mirror [マン・イン・ザ・ミラー](生音)","82.431","384","70","69","90","99","56","67","21","7","3","1","5","14","8.9","5","0","80","50","80","52","良いリズム感をキープしてます。メロディラインがあってくれば、得点も楽しみになりますね。",
"2015-11-02 10:14:48","7604-49","40mP feat.初音ミク","トリノコシティ","90.935","412","85","74","69","98","86","50","0","5","0","8","4","1","11.4","5","0","75","54","70","46","音程の精度が高いですね。ほかの曲にもどんどん挑戦してみましょう。",
"2015-11-02 10:01:13","7624-09","Neru feat.鏡音リン","ロストワンの号哭","85.502","382","80","66","72","99","65","52","9","19","0","3","4","12","2.6","5","0","71","47","71","48","うろ覚えの個所があるようです。気になるところを集中的に繰り返し練習してみましょう。",
"2015-11-02 09:59:21","5525-01","国歌","君が代","75.313","296","68","1","74","85","68","56","4","7","0","2","5","5","14.2","8","0","62","48","62","48","なかなかの盛り上げ上手ですね。次はアプローチも気を抜かずに最後まで張り切ってみて。",
"2015-09-20 17:09:43","3649-43","イオシス/miko(Alternative ending),quim(IOSYS)","チルノのパーフェクトさんすう教室","85.666","384","80","73","73","99","59","54","6","11","0","2","4","6","1","5","0","74","55","72","50","息苦しいときがありませんか。高音域では、リズムにあわせて勢いよく発声をしてみましょう。",
"2015-09-20 17:05:17","3737-19","学園生活部[丈槍由紀(水瀬いのり)、恵飛須沢胡桃(小澤亜李)、若狭悠里(M・A・O)、直樹美紀(高橋李依)]","ふ・れ・ん・ど・し・た・い","88.275","427","80","84","81","99","83","62","8","9","0","10","0","11","0.7","5","0","72","60","70","48","堂々たる歌いっぷりですね。音程に不安なところがないか今一度チェックしてみましょう。",
"2015-09-20 16:42:23","7612-52","まだ仔 feat.初音ミク","くるみ☆ぽんちお","83.486","391","81","73","80","79","78","63","5","6","0","6","4","1","1.3","5","0","84","62","75","57","力の入れ具合が程良く自然な抑揚が取れていて聴き心地が最高です。",
"2015-09-20 16:32:14","7611-44","kemu","人生リセットボタン","85.368","315","83","55","73","99","5","52","17","13","0","0","0","10","0.3","5","0","76","57","71","45","リズムに乗っていますね。この調子で練習を重ねれば点数アップも望めます。",
"2015-09-20 16:09:50","4383-18","シング・アウト","涙をこえて","92.442","416","88","78","62","99","89","44","4","5","0","9","5","2","5.3","5","0","65","46","67","48","楽曲のテンポをとらえていて、良いリズム感で歌唱してますね。",
"2015-09-20 15:53:56","7611-93","ひとしずく×やま△ feat.初音ミク、鏡音リン・鏡音レン、巡音ルカ、KAITO、MEIKO、GUMI、神威がくぽ","Bad∞End∞Night","84.864","407","77","69","83","99","79","66","6","4","0","9","0","10","0.4","5","0","81","45","72","47","速いテンポに乗れていて、ピッタリのリズムで歌えてます。",
"2015-09-20 15:29:39","7605-55","YM feat.GUMI","十面相","89.705","392","84","70","62","89","87","44","3","4","0","8","5","11","2","5","0","79","57","69","45","息苦しいときがありませんか。高音域では、リズムにあわせて勢いよく発声をしてみましょう。",
"2015-09-20 14:02:28","3310-95","マイサンシャイン(高垣彩陽) meets スフィア","dear-dear DREAM","91.257","426","86","84","73","99","84","54","13","2","0","9","3","11","3.3","5","0","73","57","67","46","リズムが正確ですね。調子が一定にならないよう、感情を込めてみましょう。",
"2015-09-20 13:47:43","5480-01","イマクニ?","ポケモン言えるかな?","84.275","309","80","62","64","93","10","47","2","1","0","1","0","0","0","5","0","81","69","69","57","バランスは悪くないですね。原曲をしっかり覚えれば、さらなる向上が期待できます。",
"2015-09-20 13:43:47","7621-54","れるりり feat.初音ミク&GUMI","脳漿炸裂ガール","83.618","378","82","74","76","67","79","57","8","7","0","7","4","12","2.7","4","0","75","60","75","51","１つ１つのフレーズを丁寧に歌ってみましょう。音程も安定しますよ。",
"2015-09-20 13:35:44","7627-66","れるりり feat.初音ミク&GUMI","一触即発☆禅ガール","87.04","415","79","81","84","94","77","67","2","4","0","7","3","2","1.1","5","0","76","56","64","48","サビの歌唱がハマっています。決めのフレーズが増えれば、もっと盛り上がりますよ。",
"2015-09-20 12:40:20","7616-29","kemu feat.IA","六兆年と一夜物語","86.928","363","83","76","75","99","30","55","11","7","0","0","4","8","2.7","5","0","78","57","66","45","サビはよく歌えています。ほかはややフラット気味なので気持ち高めに歌ってみましょう。",
"2015-09-20 12:24:01","7609-91","WhiteFlame feat.初音ミク","千本桜","87.49","382","83","78","70","97","54","50","11","0","2","6","0","1","0.9","6","0","76","55","69","48","バランスは悪くないですね。原曲をしっかり覚えれば、さらなる向上が期待できます。",
"2015-09-20 12:03:29","4461-05","平野綾・茅原実里・後藤邑子(涼宮ハルヒ・長門有希・朝比奈みくる)","ハレ晴レユカイ","87.475","399","81","74","84","99","61","64","9","13","2","2","4","10","6.6","5","0","74","58","68","46","リズムが正確ですね。調子が一定にならないよう、感情を込めてみましょう。",
"2015-09-20 11:42:29","3023-08","佐咲紗花","Zzz","86.903","404","81","68","80","98","77","59","8","5","8","5","4","13","7.3","5","0","74","58","70","46","特徴的なビブラートで感情の高まりが伝わってきます。引き込まれるような歌声ですね。",
"2015-09-20 11:16:06","3699-37","鈴木このみ","This game","85.687","416","79","80","79","99","79","55","33","24","3","4","5","1","17","5","0","77","59","71","48","速いテンポに乗れていて、ピッタリのリズムで歌えてます。",
"2015-09-20 10:59:53","3065-08","ヒャダイン","ヒャダインのじょーじょーゆーじょー","81.984","344","72","71","85","99","17","62","10","13","5","2","0","11","0.3","5","0","76","48","86","53","ところどころでフリーに歌っているようです。もっと原曲を聴きこんでみては。",
"2015-09-20 10:44:25","3017-30","ヒャダイン","ヒャダインのカカカタ☆カタオモイ-C","83.433","372","76","68","82","99","47","62","9","11","1","5","0","1","0.9","5","0","74","48","82","46","なかなかの盛り上げ上手ですね。次はアプローチも気を抜かずに最後まで張り切ってみて。",
"2015-09-20 10:40:46","7051-09","Queen","Killer Queen [キラー・クイーン](生音)","74.879","313","67","63","77","90","16","57","10","0","0","2","0","1","0.3","5","0","70","50","70","52","全体的に音が下がり気味です。伴奏をじっくりと聴き音の高さをつかみましょう。",
"2015-09-20 10:31:59","3737-19","学園生活部[丈槍由紀(水瀬いのり)、恵飛須沢胡桃(小澤亜李)、若狭悠里(M・A・O)、直樹美紀(高橋李依)]","ふ・れ・ん・ど・し・た・い","89.362","417","83","85","70","99","80","51","4","11","1","6","5","1","8","5","0","72","60","72","41","速いテンポに乗れていて、ピッタリのリズムで歌えてます。",
"2015-09-20 10:23:02","7604-49","40mP feat.初音ミク","トリノコシティ","92.114","418","90","76","67","98","87","49","3","4","0","9","4","10","3.4","5","0","75","54","70","47","全体的に落ち着いた歌声です。もう少し感情を込めて歌うと曲に個性が出てきますよ。",
"2015-05-07 14:20:55","3310-95","マイサンシャイン(高垣彩陽) meets スフィア","dear-dear DREAM","90.051","416","80","78","62","99","97","44","13","2","0","9","8","12","1.8","5","0","73","57","69","45","高い声がしっかりと出ています。腹式呼吸に磨きをかけ、より難しい曲にもトライしてみては。",
"2015-05-07 12:42:44","4816-41","Oasis","Don't Look Back In Anger [ドント・ルック・バック・イン・アンガー](生音)","74.219","344","65","57","68","95","59","46","17","6","2","3","4","2","1.3","6","0","69","55","68","55","高音も思った程出ていないようです。自分にあったキーに変えて歌ってみては。",
"2015-05-07 12:19:17","7606-06","wowaka feat.初音ミク","アンハッピーリフレイン","83.298","321","78","79","66","93","5","46","14","3","0","0","0","0","0.4","5","0","84","64","64","52","上下の奥歯のスペースを広げる感じで、声を出してみましょう。高音も出しやすくなりますよ。",
"2015-05-07 11:43:01","2749-01","槇原敬之(Makihara)","どんなときも。","85.249","385","78","64","70","96","77","50","12","5","0","5","4","12","2.7","5","0","67","50","67","50","堂々たる歌いっぷりですね。音程に不安なところがないか今一度チェックしてみましょう。",
"2015-05-07 11:25:23","7616-29","kemu feat.IA","六兆年と一夜物語","87.546","334","84","49","74","99","28","55","8","9","1","0","3","14","2.6","5","0","78","57","66","45","リズムが正確ですね。調子が一定にならないよう、感情を込めてみましょう。",
"2015-05-07 10:59:22","4329-04","AMOYAMO","LET'S GO OUT","91.061","410","86","75","69","98","82","45","19","4","0","9","2","11","2.8","5","0","74","55","72","49","低音から高音に至るまで難なく歌いこなせています。その声域は努力のたまもの？",
"2015-05-07 10:36:22","7611-93","ひとしずく×やま△ feat.初音ミク、鏡音リン・鏡音レン、巡音ルカ、KAITO、MEIKO、GUMI、神威がくぽ","Bad∞End∞Night","78.23","309","71","54","73","95","16","52","15","10","0","2","0","9","0.5","5","0","81","45","77","44","良いリズム感をキープしてます。メロディラインがあってくれば、得点も楽しみになりますね。",
"2015-05-07 10:16:09","1041-44","Billy Joel","Honesty [オネスティ](生音)","77.667","377","66","61","78","98","74","56","13","6","3","3","6","5","6.5","5","0","70","46","69","50","全体的に音が下がり気味です。伴奏をじっくりと聴き音の高さをつかみましょう。",
"2015-05-07 09:55:31","7611-44","kemu","人生リセットボタン","84.236","334","79","74","65","99","17","45","9","7","0","0","2","6","1","5","0","76","57","62","45","楽曲のテンポをとらえていて、良いリズム感で歌唱してますね。",
"2015-05-07 09:43:07","7042-92","The Beatles","Penny Lane [ペニー・レイン](生音)","86.403","400","80","79","62","95","84","45","5","1","0","8","4","11","1.1","6","0","66","52","66","52","透明感のあるヴォーカルですね。音程も安定しています。",
"2015-05-07 09:20:15","7604-49","40mP feat.初音ミク","トリノコシティ","90.874","409","88","82","61","96","82","42","5","5","0","9","0","10","0.6","6","0","75","54","68","42","音程はほぼパーフェクトです。腹式呼吸を意識すればファルセットも生きてきますよ。",
